Date,total_revenue,total_quantity,transaction_count,unique_customers,avg_order_value,revenue_ma_7d,revenue_std_7d,qty_ma_7d,revenue_ma_14d,revenue_std_14d,qty_ma_14d,revenue_ma_30d,revenue_std_30d,qty_ma_30d,revenue_lag_1d,revenue_lag_7d,revenue_lag_14d,day_of_week,is_weekend,month,week_of_year,revenue_diff_1,revenue_diff_7
2009-12-01,43894.87,24335.0,98.0,91.0,447.9068367346939,43894.87,0.0,24335.0,43894.87,0.0,24335.0,43894.87,0.0,24335.0,0.0,0.0,0.0,1,0,12,49,,
2009-12-02,52762.06,29679.0,110.0,94.0,479.6550909090909,48328.465,6270.050179069542,27007.0,48328.465,6270.050179069542,27007.0,48328.465,6270.050179069542,27007.0,43894.87,0.0,0.0,2,0,12,49,8867.189999999995,
2009-12-03,67413.62,48009.0,122.0,106.0,552.5706557377049,54690.18333333333,11877.337457613694,34007.666666666664,54690.18333333333,11877.337457613694,34007.666666666664,54690.18333333333,11877.337457613694,34007.666666666664,52762.06,0.0,0.0,3,0,12,49,14651.559999999998,
2009-12-04,33913.81,19954.0,80.0,76.0,423.922625,49496.09,14211.328307945038,30494.25,49496.09,14211.328307945038,30494.25,49496.09,14211.328307945038,30494.25,67413.62,0.0,0.0,4,0,12,49,-33499.81,
2009-12-05,9803.05,5119.0,30.0,26.0,326.7683333333333,41557.482,21600.436895939627,25419.2,41557.482,21600.436895939627,25419.2,41557.482,21600.436895939627,25419.2,33913.81,0.0,0.0,5,1,12,49,-24110.76,
2009-12-06,24390.1,11502.0,72.0,63.0,338.75138888888887,38696.25166666666,20551.95692382349,23099.666666666668,38696.25166666666,20551.95692382349,23099.666666666668,38696.25166666666,20551.95692382349,23099.666666666668,9803.05,0.0,0.0,6,1,12,49,14587.05,
2009-12-07,33002.49,15557.0,94.0,77.0,351.09031914893615,37882.857142857145,18884.30704028587,22022.14285714286,37882.857142857145,18884.30704028587,22022.14285714286,37882.857142857145,18884.30704028587,22022.14285714286,24390.1,0.0,0.0,0,0,12,50,8612.39,
2009-12-08,44763.34,22241.0,102.0,91.0,438.8562745098039,38006.92428571428,18933.177720218067,21723.0,38742.9175,17651.894791675844,22049.5,38742.9175,17651.894791675844,22049.5,33002.49,43894.87,0.0,1,0,12,50,11760.849999999999,868.4699999999939
2009-12-09,30763.17,15881.0,77.0,74.0,399.5216883116883,34864.22571428571,17871.827818949067,19751.85714285714,37856.27888888889,16724.708316133976,21364.11111111111,37856.27888888889,16724.708316133976,21364.11111111111,44763.34,52762.06,0.0,2,0,12,50,-14000.169999999998,-21998.89
2009-12-10,38598.21,22534.0,87.0,82.0,443.65758620689655,30747.73857142857,11197.281537936527,16112.57142857143,37930.472,15769.951601681383,21481.1,37930.472,15769.951601681383,21481.1,30763.17,67413.62,0.0,3,0,12,50,7835.040000000001,-28815.409999999996
2009-12-11,39204.17,21212.0,65.0,58.0,603.1410769230769,31503.504285714287,11617.254656687546,16292.285714285714,38046.262727272726,14965.617881837748,21456.636363636364,38046.262727272726,14965.617881837748,21456.636363636364,38598.21,33913.81,0.0,4,0,12,50,605.9599999999991,5290.360000000001
2009-12-12,0.0,0.0,0.0,0.0,0.0,31503.504285714287,11617.254656687546,16292.285714285714,38046.262727272726,14965.617881837748,21456.636363636364,38046.262727272726,14965.617881837748,21456.636363636364,38598.21,33913.81,0.0,5,1,12,50,-39204.17,-9803.05
2009-12-13,21577.35,12205.0,69.0,63.0,312.71521739130435,33185.54714285715,8342.437493867748,17304.571428571428,36673.85333333333,15040.31002380985,20685.666666666668,36673.85333333333,15040.31002380985,20685.666666666668,39204.17,9803.05,0.0,6,1,12,50,21577.35,-2812.75
2009-12-14,51245.16,40815.0,80.0,69.0,640.5645000000001,37021.98428571429,9689.681423073816,21492.14285714286,37794.723076923074,14956.354900571743,22234.07692307692,37794.723076923074,14956.354900571743,22234.07692307692,21577.35,24390.1,0.0,0,0,12,51,29667.810000000005,18242.670000000006
2009-12-15,46836.63,26401.0,94.0,89.0,498.2620212765957,38998.29,10133.8541757632,23041.285714285717,38440.57357142858,14571.381286328457,22531.714285714286,38440.57357142858,14571.381286328457,22531.714285714286,51245.16,33002.49,0.0,1,0,12,51,-4408.530000000006,2073.290000000001
2009-12-16,36927.3,22044.0,90.0,81.0,410.30333333333334,37878.85571428571,9818.78530310794,23013.14285714286,37942.89,14489.51872094446,22368.071428571428,38339.68866666666,14046.76961880299,22499.2,46836.63,44763.34,43894.87,2,0,12,51,-9909.329999999994,6164.130000000005
2009-12-17,29758.87,15031.0,84.0,77.0,354.2722619047619,37735.38428571429,9946.593767308575,22891.714285714286,36299.805,13974.90655912108,21321.785714285717,37803.3875,13738.978273657518,22032.4375,36927.3,30763.17,52762.06,3,0,12,51,-7168.430000000004,-8839.34
2009-12-18,31562.72,15225.0,61.0,55.0,517.4216393442623,36730.31428571428,10197.177073973064,21847.571428571428,33739.02642857143,10746.87234403473,18980.071428571428,37436.2894117647,13388.53953433097,21632.0,29758.87,38598.21,67413.62,4,0,12,51,1803.8500000000022,-7641.449999999997
2009-12-19,0.0,0.0,0.0,0.0,0.0,36730.31428571428,10197.177073973064,21847.571428571428,33739.02642857143,10746.87234403473,18980.071428571428,37436.2894117647,13388.53953433097,21632.0,29758.87,38598.21,67413.62,5,1,12,51,-31562.72,0.0
2009-12-20,11355.19,6236.0,32.0,31.0,354.8496875,32751.88857142857,13849.647371801477,19708.14285714286,32127.696428571428,12297.888030459417,18000.214285714286,35987.33944444444,14370.06977792935,20776.666666666668,31562.72,39204.17,33913.81,6,1,12,51,11355.19,-10222.159999999998
2009-12-21,15549.64,8446.0,31.0,30.0,501.6012903225806,31890.78714285714,14814.030330941578,19171.14285714286,32538.167142857143,11569.781461975996,18237.85714285714,34911.67105263158,14731.290890616288,20127.68421052632,11355.19,21577.35,9803.05,0,0,12,52,4194.449999999999,-35695.520000000004
2009-12-22,10696.59,11913.0,21.0,16.0,509.3614285714286,26098.13428571428,13883.151790628392,15042.285714285714,31560.059285714284,12822.599413093008,18267.214285714286,33700.917,15326.702543595742,19716.95,15549.64,51245.16,24390.1,1,0,12,52,-4853.049999999999,-36140.03999999999
2009-12-23,9485.67,4321.0,13.0,12.0,729.6669230769231,20762.282857142854,11568.931193271785,11888.0,29880.286428571428,14096.215706739058,17464.64285714286,32547.81,15845.66789817646,18983.809523809523,10696.59,46836.63,33002.49,2,0,12,52,-1210.92,-27441.630000000005
2009-12-24,0.0,0.0,0.0,0.0,0.0,20762.282857142854,11568.931193271785,11888.0,29880.286428571428,14096.215706739058,17464.64285714286,32547.81,15845.66789817646,18983.809523809523,10696.59,46836.63,33002.49,3,0,12,52,-9485.67,-29758.87
2009-12-25,0.0,0.0,0.0,0.0,0.0,20762.282857142854,11568.931193271785,11888.0,29880.286428571428,14096.215706739058,17464.64285714286,32547.81,15845.66789817646,18983.809523809523,10696.59,46836.63,33002.49,4,0,12,52,0.0,-31562.72
2009-12-26,0.0,0.0,0.0,0.0,0.0,20762.282857142854,11568.931193271785,11888.0,29880.286428571428,14096.215706739058,17464.64285714286,32547.81,15845.66789817646,18983.809523809523,10696.59,46836.63,33002.49,5,1,12,52,0.0,0.0
2009-12-27,0.0,0.0,0.0,0.0,0.0,20762.282857142854,11568.931193271785,11888.0,29880.286428571428,14096.215706739058,17464.64285714286,32547.81,15845.66789817646,18983.809523809523,10696.59,46836.63,33002.49,6,1,12,52,0.0,-11355.19
2009-12-28,0.0,0.0,0.0,0.0,0.0,20762.282857142854,11568.931193271785,11888.0,29880.286428571428,14096.215706739058,17464.64285714286,32547.81,15845.66789817646,18983.809523809523,10696.59,46836.63,33002.49,0,0,12,53,0.0,-15549.64
2009-12-29,0.0,0.0,0.0,0.0,0.0,20762.282857142854,11568.931193271785,11888.0,29880.286428571428,14096.215706739058,17464.64285714286,32547.81,15845.66789817646,18983.809523809523,10696.59,46836.63,33002.49,1,0,12,53,0.0,-10696.59
2009-12-30,0.0,0.0,0.0,0.0,0.0,20762.282857142854,11568.931193271785,11888.0,29880.286428571428,14096.215706739058,17464.64285714286,32547.81,15845.66789817646,18983.809523809523,10696.59,46836.63,33002.49,2,0,12,53,0.0,-9485.67
2009-12-31,0.0,0.0,0.0,0.0,0.0,20762.282857142854,11568.931193271785,11888.0,29880.286428571428,14096.215706739058,17464.64285714286,32547.81,15845.66789817646,18983.809523809523,10696.59,46836.63,33002.49,3,0,12,53,0.0,0.0
2010-01-01,0.0,0.0,0.0,0.0,0.0,20762.282857142854,11568.931193271785,11888.0,29880.286428571428,14096.215706739058,17464.64285714286,32547.81,15845.66789817646,18983.809523809523,10696.59,46836.63,33002.49,4,0,1,53,0.0,0.0
2010-01-02,0.0,0.0,0.0,0.0,0.0,20762.282857142854,11568.931193271785,11888.0,29880.286428571428,14096.215706739058,17464.64285714286,32547.81,15845.66789817646,18983.809523809523,10696.59,46836.63,33002.49,5,1,1,53,0.0,0.0
2010-01-03,0.0,0.0,0.0,0.0,0.0,20762.282857142854,11568.931193271785,11888.0,29880.286428571428,14096.215706739058,17464.64285714286,32547.81,15845.66789817646,18983.809523809523,10696.59,46836.63,33002.49,6,1,1,53,0.0,0.0
2010-01-04,13415.09,10593.0,26.0,22.0,515.965,17403.395714285714,9280.262366172356,10252.142857142857,27641.125714285718,14039.9060489453,16632.64285714286,31678.140909090907,15992.744876193648,18602.40909090909,9485.67,36927.3,44763.34,0,0,1,1,13415.09,13415.09
2010-01-05,19051.19,11288.0,33.0,31.0,577.3087878787878,15873.727142857142,7642.184429469333,9717.42857142857,26804.55571428571,14187.720715102523,16304.57142857143,31129.143043478263,15845.322484938986,18284.391304347828,13415.09,29758.87,30763.17,1,0,1,1,5636.0999999999985,19051.19
2010-01-06,8731.26,7458.0,13.0,13.0,671.6353846153846,12612.089999999998,3670.1566537365056,8607.857142857143,24671.202142857142,14519.550269263304,15227.714285714286,30195.897916666665,16157.372569398123,17833.291666666668,19051.19,31562.72,38598.21,2,0,1,1,-10319.929999999998,8731.26
2010-01-07,72989.38,40592.0,45.0,41.0,1621.9862222222223,21416.97428571429,23028.87947164809,13515.857142857143,27084.43142857143,19180.38484971916,16612.0,31907.6372,17984.283250046534,18743.64,8731.26,11355.19,39204.17,3,0,1,1,64258.12,72989.38
2010-01-08,30292.7,12694.0,44.0,42.0,688.4704545454546,23523.125714285718,23076.96368232676,14122.714285714286,27706.95642857143,19129.2619924597,16646.928571428572,31845.52423076923,17623.77300131278,18510.96153846154,72989.38,15549.64,21577.35,4,0,1,1,-42696.68000000001,30292.7
2010-01-09,0.0,0.0,0.0,0.0,0.0,23523.125714285718,23076.96368232676,14122.714285714286,27706.95642857143,19129.2619924597,16646.928571428572,31845.52423076923,17623.77300131278,18510.96153846154,72989.38,15549.64,21577.35,5,1,1,1,-30292.7,0.0
2010-01-10,23157.33,13291.0,31.0,29.0,747.0106451612904,25303.23142857143,22393.116019471563,14319.57142857143,25700.682857142856,17904.38888857204,14680.92857142857,31523.73925925926,17362.230624485732,18317.62962962963,30292.7,10696.59,51245.16,6,1,1,1,23157.33,23157.33
2010-01-11,19684.49,9414.0,43.0,37.0,457.77883720930237,26760.20571428572,21506.68678023562,15047.142857142857,23761.24428571429,16880.07301845249,13467.57142857143,31100.908928571425,17183.955897814667,17999.64285714286,23157.33,9485.67,46836.63,0,0,1,2,-3472.84,6269.4000000000015
2010-01-12,38833.58,20782.0,36.0,32.0,1078.7105555555556,30391.41857142857,21018.24510235922,16502.714285714286,23897.407142857144,17001.69666349822,13377.42857142857,31367.55275862069,16935.29442246384,18095.58620689655,19684.49,13415.09,36927.3,1,0,1,2,19149.09,19782.390000000003
2010-01-13,12391.1,6541.0,25.0,25.0,495.644,29439.977142857144,21754.97553118114,15824.57142857143,22656.852142857148,17173.867997666675,12771.0,30735.00433333333,16997.585786897376,17710.433333333334,38833.58,19051.19,29758.87,2,0,1,2,-26442.480000000003,3659.84
2010-01-14,23721.64,11788.0,55.0,47.0,431.30254545454545,31581.46,20047.52908447904,16443.14285714286,22096.775,16987.937637369796,12525.5,30062.56333333333,16857.475230088185,17292.2,12391.1,8731.26,31562.72,3,0,1,2,11330.539999999999,-49267.740000000005
2010-01-15,13499.55,8414.0,44.0,37.0,306.80795454545455,23082.91285714286,9293.214729973157,11846.285714285714,22249.94357142857,16893.04023294737,12681.07142857143,28753.813,16555.80021453907,16583.366666666665,23721.64,72989.38,11355.19,4,0,1,2,-10222.09,-16793.15
2010-01-16,0.0,0.0,0.0,0.0,0.0,23082.91285714286,9293.214729973157,11846.285714285714,22249.94357142857,16893.04023294737,12681.07142857143,28753.813,16555.80021453907,16583.366666666665,23721.64,72989.38,11355.19,5,1,1,2,-13499.55,0.0
2010-01-17,17363.25,9910.0,39.0,35.0,445.21153846153845,21235.84857142857,8897.893264976481,11448.57142857143,22379.487142857142,16844.591171719654,12785.642857142857,27085.46733333333,14971.702079824234,15313.4,13499.55,30292.7,15549.64,6,1,1,2,17363.25,-5794.080000000002
2010-01-18,12078.84,8319.0,35.0,32.0,345.1097142857143,19653.207142857143,9466.25995475809,10738.285714285714,22478.219285714287,16774.752195939935,12528.92857142857,26357.635,15157.88680002427,14925.566666666668,17363.25,23157.33,10696.59,0,0,1,3,-5284.41,-7605.6500000000015
2010-01-19,21892.791,12939.0,45.0,41.0,486.5064666666667,19968.678714285717,9504.197022330944,11241.857142857143,23364.44221428572,16358.110104037858,13144.5,26760.626366666667,14860.376522358936,15186.233333333334,12078.84,19684.49,9485.67,1,0,1,3,9813.951000000001,-16940.789
2010-01-20,13244.34,8208.0,35.0,31.0,378.4097142857143,16313.073,4791.774634589554,9445.57142857143,23352.245785714284,16366.160531576288,12974.142857142857,26389.10103333333,15059.677368542849,15076.433333333332,21892.791,38833.58,13415.09,2,0,1,3,-8648.451000000001,853.2399999999998
2010-01-21,27359.23,72900.0,48.0,47.0,569.9839583333334,18451.377285714283,5949.732775791511,18925.42857142857,23945.677214285715,16348.823356073228,17375.0,26200.992366666665,15009.382446537866,16987.866666666665,13244.34,12391.1,19051.19,3,0,1,3,14114.89,3637.59
2010-01-22,29345.83,16974.0,42.0,39.0,698.7102380952381,19254.833,7056.800076196661,19666.285714285717,25418.1465,15791.96768672316,18054.714285714286,25687.075366666668,14610.543211312632,16812.3,27359.23,23721.64,8731.26,4,0,1,3,1986.6000000000022,15846.280000000002
2010-01-23,0.0,0.0,0.0,0.0,0.0,19254.833,7056.800076196661,19666.285714285717,25418.1465,15791.96768672316,18054.714285714286,25687.075366666668,14610.543211312632,16812.3,27359.23,23721.64,8731.26,5,1,1,3,-29345.83,0.0
2010-01-24,15552.32,8700.0,49.0,48.0,317.39428571428573,19548.085857142854,6816.327253122682,19707.14285714286,21315.499357142857,8041.667690387422,15776.714285714286,25180.04703333333,14692.016847830257,16572.933333333334,29345.83,13499.55,72989.38,6,1,1,3,15552.32,-1810.9300000000003
2010-01-25,18346.54,9104.0,45.0,44.0,407.7008888888889,19688.55585714286,6773.797375522808,19592.0,20462.202214285717,7639.575170630133,15520.285714285714,24504.99136666667,14518.45927162424,16125.266666666666,15552.32,17363.25,30292.7,0,0,1,4,2794.220000000001,6267.700000000001
2010-01-26,38570.37,22305.0,81.0,68.0,476.17740740740743,23473.060142857143,8885.041796812757,21590.0,21563.133642857145,9040.055057986832,16164.142857142857,24483.8647,14496.777005127724,16161.7,18346.54,12078.84,23157.33,1,0,1,4,20223.83,16677.579
2010-01-27,23722.72,16985.0,51.0,47.0,465.15137254901964,23734.47857142857,8857.675661100215,22168.0,21851.578642857145,9039.926160834386,16704.928571428572,24555.37703333333,14487.233209223068,16321.033333333333,38570.37,21892.791,19684.49,2,0,1,4,-14847.650000000001,10478.380000000001
2010-01-28,18914.83,10855.0,53.0,48.0,356.8835849056604,24544.54857142857,7951.341815206231,22546.14285714286,20428.81078571429,7617.085098424107,15995.857142857143,23477.699366666664,13609.260839241138,15322.366666666669,23722.72,13244.34,38833.58,3,0,1,4,-4807.889999999999,-8444.399999999998
2010-01-29,25382.441,9471.0,45.0,37.0,564.0542444444444,24262.150142857143,7869.396525399072,13484.857142857143,21356.763714285717,7349.192079376044,16205.142857142857,22762.55973333333,12883.821847608517,14758.033333333333,18914.83,27359.23,12391.1,4,0,1,4,6467.610999999997,-3963.389000000003
2010-01-30,0.0,0.0,0.0,0.0,0.0,24262.150142857143,7869.396525399072,13484.857142857143,21356.763714285717,7349.192079376044,16205.142857142857,22762.55973333333,12883.821847608517,14758.033333333333,18914.83,27359.23,12391.1,5,1,1,4,-25382.441,0.0
2010-01-31,18261.86,10557.0,48.0,47.0,380.4554166666667,22678.725857142857,7790.736632610531,12568.142857142857,20966.77942857143,7358.9018599915635,16117.214285714286,22140.3784,12624.273607710262,14375.133333333331,25382.441,29345.83,23721.64,6,1,1,4,18261.86,2709.540000000001
2010-02-01,16606.931,8581.0,56.0,49.0,296.5523392857143,22829.38457142857,7638.669274175235,12551.142857142857,21188.73521428572,7160.542187221149,16129.142857142857,21701.98043333333,12578.865803404258,14160.133333333331,18261.86,15552.32,13499.55,0,0,2,5,-1654.929,-1739.6090000000004
2010-02-02,19532.03,10543.0,41.0,34.0,476.3909756097561,22998.740285714284,7535.15640065264,12756.714285714286,21343.648071428568,7094.570516250538,16174.357142857143,21300.957433333337,12444.71636781729,14004.066666666668,16606.931,18346.54,17363.25,1,0,2,5,2925.0989999999983,-19038.340000000004
2010-02-03,17230.061,9369.0,44.0,41.0,391.5922954545455,19950.124714285717,3327.0382805102804,10908.714285714286,21711.592428571428,6699.699578942897,16249.357142857143,21496.78646666667,12328.494379661835,14108.5,19532.03,38570.37,12078.84,2,0,2,5,-2301.9689999999973,-6492.659
2010-02-04,22486.01,12794.0,62.0,52.0,362.67758064516124,19773.451857142856,3119.691443696429,10310.0,21753.965214285712,6702.80894697956,16239.0,21727.9988,12278.053976747184,14253.433333333332,17230.061,23722.72,21892.791,3,0,2,5,5255.948999999997,3571.1799999999967
2010-02-05,19420.74,9889.0,38.0,35.0,511.07210526315794,19845.72471428572,3102.2964296008427,10172.0,22195.136642857145,6290.192540392745,16359.07142857143,22018.8038,12109.93053717131,14185.966666666667,22486.01,18914.83,13244.34,4,0,2,5,-3065.269999999997,-5961.700999999997
2010-02-06,0.0,0.0,0.0,0.0,0.0,19845.72471428572,3102.2964296008427,10172.0,22195.136642857145,6290.192540392745,16359.07142857143,22018.8038,12109.93053717131,14185.966666666667,22486.01,18914.83,13244.34,5,1,2,5,-19420.74,0.0
2010-02-07,17023.920000000002,11179.0,29.0,29.0,587.0317241379311,18651.650285714288,2044.1835066426445,10416.0,21456.900214285717,6243.818528144826,11950.42857142857,22270.0788,11917.586770292915,14414.566666666668,19420.74,25382.441,27359.23,6,1,2,5,17023.920000000002,-1237.9399999999987
2010-02-08,13016.04,7043.0,49.0,45.0,265.6334693877551,17902.24742857143,2965.0478237439734,9914.0,20290.486642857144,6181.698340696838,11241.07142857143,22256.777133333333,11928.029085151027,14296.233333333334,17023.920000000002,18261.86,29345.83,0,0,2,6,-4007.880000000001,-3590.8909999999996
2010-02-09,18398.26,10629.0,51.0,51.0,360.7501960784313,18158.15157142857,2911.4379863766408,10206.57142857143,20493.76807142857,6059.486514571044,11378.857142857143,22235.012800000004,11934.673641353222,14274.266666666666,13016.04,16606.931,15552.32,1,0,2,6,5382.2199999999975,-1133.7700000000004
2010-02-10,6082.34,3066.0,27.0,24.0,225.27185185185186,16236.767285714286,5306.513090054635,9138.42857142857,19617.75378571428,7177.212630840534,10947.57142857143,22146.71546666667,12047.292182765656,14127.866666666669,18398.26,19532.03,18346.54,2,0,2,6,-12315.919999999998,-11147.721000000001
2010-02-11,15061.87,9027.0,54.0,48.0,278.9235185185185,15927.025714285714,5302.148297171144,9089.57142857143,17938.575214285713,4737.253352088505,9999.142857142857,20215.798466666667,7339.889841749894,13075.7,6082.34,17230.061,38570.37,3,0,2,6,8979.53,-7424.139999999998
2010-02-12,9728.96,7324.0,28.0,27.0,347.4628571428571,14104.59,4844.644802951638,8308.142857142857,16939.020928571426,4896.579099955928,9309.07142857143,19530.34046666667,7326.568939194266,12896.7,15061.87,22486.01,23722.72,4,0,2,6,-5332.910000000002,-9691.780000000002
2010-02-13,0.0,0.0,0.0,0.0,0.0,14104.59,4844.644802951638,8308.142857142857,16939.020928571426,4896.579099955928,9309.07142857143,19530.34046666667,7326.568939194266,12896.7,15061.87,22486.01,23722.72,5,1,2,6,-9728.96,0.0
2010-02-14,17772.19,10892.0,45.0,39.0,394.93755555555555,13869.082857142856,4575.753002471118,8451.42857142857,16857.403785714287,4870.566383668323,9311.714285714286,19350.8358,7300.564792582352,12816.733333333334,9728.96,19420.74,18914.83,6,1,2,6,17772.19,748.2699999999968
2010-02-15,42318.211,96358.0,43.0,35.0,984.1444418604652,17482.553,11787.173980046104,20619.85714285714,18067.101642857146,8149.944310760006,15517.92857142857,20105.293166666663,8419.931122944936,15714.866666666669,17772.19,17023.920000000002,25382.441,0,0,2,7,24546.021000000004,29302.171000000002
2010-02-16,25669.01,15744.0,58.0,51.0,442.56913793103445,19290.120142857144,11957.020738303909,21862.85714285714,18596.183785714285,8400.150129375525,15888.42857142857,19666.474166666667,7724.549573267276,15546.933333333332,42318.211,13016.04,18261.86,1,0,2,7,-16649.201000000005,7270.75
2010-02-17,26455.22,24986.0,46.0,42.0,575.1134782608696,20441.11442857143,12241.267609644308,23913.85714285714,19299.633,8629.96720272533,17060.214285714286,20135.278166666667,7694.4987114578435,16161.766666666666,25669.01,18398.26,16606.931,2,0,2,7,786.2100000000028,20372.88
2010-02-18,35737.24,19851.0,62.0,58.0,576.4070967741935,24677.52871428572,11556.083596605778,26311.714285714286,20457.148000000005,9685.736868156597,17725.071428571428,20535.798166666664,8184.722386831173,16430.533333333333,26455.22,6082.34,19532.03,3,0,2,7,9282.019999999997,20675.369999999995
2010-02-19,18931.99,10862.0,34.0,30.0,556.8232352941177,25230.403,11103.070456166284,26573.85714285714,20578.71435714286,9652.74214503093,17831.714285714286,20716.8795,8083.146440182165,16512.133333333335,35737.24,15061.87,17230.061,4,0,2,7,-16805.249999999996,9203.030000000002
2010-02-20,0.0,0.0,0.0,0.0,0.0,25230.403,11103.070456166284,26573.85714285714,20578.71435714286,9652.74214503093,17831.714285714286,20716.8795,8083.146440182165,16512.133333333335,35737.24,15061.87,17230.061,5,1,2,7,-18931.99,0.0
2010-02-21,11394.731,5555.0,37.0,34.0,307.9657027027027,25468.370285714285,10726.942146867072,26321.14285714286,19786.480142857145,9935.180246403952,17314.64285714286,20517.92886666667,8240.45658265309,16366.966666666667,18931.99,9728.96,22486.01,6,1,2,7,11394.731,-6377.458999999999
2010-02-22,26336.24,13423.0,46.0,41.0,572.5269565217392,26691.806000000004,10177.165364638848,26682.714285714286,20280.44442857143,10086.361939185485,17567.071428571428,20993.17553333333,8147.577083777027,16537.1,11394.731,17772.19,19420.74,0,0,2,8,14941.509000000002,-15981.971000000001
2010-02-23,20840.01,11574.0,44.0,42.0,473.6365909090909,23623.49157142857,7589.524340922834,14570.714285714286,20553.022285714287,10043.057471274626,17595.285714285714,20958.08283333333,8145.835755499195,16491.6,26336.24,42318.211,17023.920000000002,1,0,2,8,-5496.230000000003,-4829.0
2010-02-24,30392.661,21941.0,59.0,47.0,515.1298474576271,24298.298857142858,8000.575326498612,15456.0,21794.2095,10113.447985677429,18659.42857142857,21529.69353333333,8187.441681655976,16949.366666666665,20840.01,25669.01,13016.04,2,0,2,8,9552.651000000002,3937.440999999999
2010-02-25,44604.16,26014.0,66.0,55.0,675.8206060606061,26891.004571428573,11140.586914671756,15602.857142857143,23666.059500000003,11732.17681604391,19758.35714285714,22104.524533333333,9158.614607576526,15386.5,30392.661,26455.22,18398.26,3,0,2,8,14211.499000000003,8866.920000000006
2010-02-26,12778.641,6798.0,32.0,26.0,399.33253125,23611.20471428571,11476.63841182168,13738.142857142857,24144.36671428572,11078.452571824246,20024.92857142857,21552.2849,9206.281522754856,15047.3,44604.16,35737.24,6082.34,4,0,2,8,-31825.519000000004,-6153.349000000002
2010-02-27,0.0,0.0,0.0,0.0,0.0,23611.20471428571,11476.63841182168,13738.142857142857,24144.36671428572,11078.452571824246,20024.92857142857,21552.2849,9206.281522754856,15047.3,44604.16,35737.24,6082.34,5,1,2,8,-12778.641,0.0
2010-02-28,16741.49,8419.0,53.0,50.0,315.8771698113208,23298.276142857147,11653.98240439562,13389.142857142857,24264.339571428573,10981.196432964778,19981.5,21591.9239,9182.08524898519,15037.933333333332,12778.641,18931.99,15061.87,6,1,2,8,16741.49,5346.759000000002
2010-03-01,23933.87,21188.0,57.0,49.0,419.8924561403509,25089.58171428572,10417.453290218928,15622.42857142857,25278.976,10160.42817084314,20971.785714285717,21778.168233333334,9170.645790811392,15440.733333333334,16741.49,11394.731,9728.96,0,0,3,9,7192.379999999997,-2402.3700000000026
2010-03-02,21667.8,11019.0,52.0,48.0,416.6884615384615,24422.66171428571,10473.62525217064,15279.0,25557.23385714285,9990.960067656288,20980.85714285714,21214.74923333333,8605.195892865182,15064.533333333333,23933.87,26336.24,17772.19,1,0,3,9,-2266.0699999999997,827.7900000000009
2010-03-03,31849.7,20031.0,60.0,53.0,530.8283333333334,25995.47457142857,10670.75659566738,16487.14285714286,24809.48307142857,8980.695612965743,15528.92857142857,21485.648566666667,8812.301670572137,15166.066666666668,21667.8,20840.01,42318.211,2,0,3,9,10181.900000000001,1457.0390000000007
2010-03-04,29966.35,18044.0,73.0,67.0,410.4979452054794,25934.573,10642.657234886374,15930.42857142857,25116.435928571427,9085.165538446085,15693.214285714286,21854.03256666667,8931.318678588921,15405.7,31849.7,30392.661,25669.01,3,0,3,9,-1883.3500000000022,-14637.810000000005
2010-03-05,25361.64,17947.0,59.0,55.0,429.8583050847458,23185.64157142857,6812.675974420539,14778.0,25038.32307142857,9077.467398331422,15190.42857142857,21853.3392,8931.036114406317,15688.233333333334,29966.35,44604.16,26455.22,4,0,3,9,-4604.709999999999,12582.999
2010-03-06,0.0,0.0,0.0,0.0,0.0,23185.64157142857,6812.675974420539,14778.0,25038.32307142857,9077.467398331422,15190.42857142857,21853.3392,8931.036114406317,15688.233333333334,29966.35,44604.16,26455.22,5,1,3,9,-25361.64,0.0
2010-03-07,19034.6,10876.0,50.0,46.0,380.69199999999995,24079.35,5504.6920219875055,15360.57142857143,23845.27735714286,8650.72803065945,14549.357142857143,21879.0972,8921.429914430431,15698.866666666669,25361.64,12778.641,35737.24,6,1,3,9,19034.6,2293.109999999997
2010-03-08,26605.58,13876.0,69.0,66.0,385.588115942029,25488.50571428571,4480.465291781813,16140.142857142857,24393.39092857143,8558.078146008322,14764.642857142857,22212.3855,8904.429177459746,15875.366666666669,19034.6,16741.49,18931.99,0,0,3,10,7570.980000000003,2671.7100000000028
2010-03-09,19665.69,11984.0,53.0,51.0,371.0507547169811,24878.765714285717,4988.874721991739,14825.285714285714,24984.173714285716,7847.72762859624,15223.857142857143,22216.84083333333,8903.075150985916,15923.4,26605.58,23933.87,11394.731,1,0,3,10,-6939.890000000003,-2002.1100000000006
2010-03-10,22905.79,17302.0,56.0,47.0,409.0319642857143,25055.62142857143,4876.758019686903,15722.857142857143,24739.14157142857,7855.815098641674,15500.92857142857,22406.0318,8853.619069820224,16187.833333333334,19665.69,21667.8,26336.24,2,0,3,10,3240.100000000002,-8943.91
2010-03-11,21537.09,13706.0,46.0,39.0,468.19760869565215,23582.391428571427,3952.3057836382704,14819.285714285714,24788.933,7831.371821464433,15653.214285714286,22374.401133333333,8855.018442197632,16218.233333333334,22905.79,31849.7,20840.01,3,0,3,10,-1368.7000000000007,-8429.259999999998
2010-03-12,19123.05,10586.0,35.0,30.0,546.3728571428571,22033.34857142857,3056.6427270859085,13753.857142857143,23983.960785714287,7790.150284070507,14842.142857142857,22364.47813333333,8858.608540346579,16241.466666666667,21537.09,29966.35,30392.661,4,0,3,10,-2414.040000000001,-6238.59
2010-03-13,0.0,0.0,0.0,0.0,0.0,22033.34857142857,3056.6427270859085,13753.857142857143,23983.960785714287,7790.150284070507,14842.142857142857,22364.47813333333,8858.608540346579,16241.466666666667,21537.09,29966.35,30392.661,5,1,3,10,-19123.05,0.0
2010-03-14,8947.9,4927.0,24.0,22.0,372.82916666666665,19688.52857142857,5442.46517706641,11893.857142857143,21437.08507142857,6195.545449929565,13335.92857142857,22095.277466666663,9144.59016733344,16033.066666666668,19123.05,25361.64,44604.16,6,1,3,10,8947.9,-10086.699999999999
2010-03-15,20536.681,13990.0,49.0,41.0,419.1159387755102,19903.111571428573,5441.996908914672,12338.714285714286,21991.230785714284,5687.673403100573,13849.642857142857,22345.9655,8988.869910548836,16264.633333333331,8947.9,19034.6,12778.641,0,0,3,11,11588.781,-6068.899000000001
2010-03-16,21048.78,12256.0,43.0,42.0,489.50651162790695,19109.283,4648.8405121839305,12107.285714285714,22298.894357142857,5495.091603954823,14123.714285714286,22434.316166666667,8961.715164678451,16318.866666666669,20536.681,26605.58,16741.49,1,0,3,11,512.0989999999983,1383.0900000000001
2010-03-17,29543.78,78565.0,44.0,40.0,671.4495454545454,20520.438714285712,6114.190112489234,21618.85714285714,22699.602214285715,5818.50959092942,18222.071428571428,23216.36416666667,8497.194671559759,18835.5,21048.78,19665.69,23933.87,2,0,3,11,8495.0,6637.989999999998
2010-03-18,37570.75,20574.0,81.0,70.0,463.83641975308643,22615.433,8931.219879102324,22086.285714285717,23835.527214285717,7028.171675768606,18904.571428571428,23966.66016666667,8742.546571744735,19220.4,29543.78,22905.79,21667.8,3,0,3,11,8026.970000000001,16033.66
2010-03-19,35274.3,12780.0,52.0,47.0,678.3519230769232,24577.89157142857,10088.983395757812,21954.0,24080.1415,7379.380908335824,18386.64285714286,24818.1715,8549.914220693468,19402.266666666663,37570.75,21537.09,31849.7,4,0,3,11,-2296.449999999997,16151.250000000004
2010-03-20,0.0,0.0,0.0,0.0,0.0,24577.89157142857,10088.983395757812,21954.0,24080.1415,7379.380908335824,18386.64285714286,24818.1715,8549.914220693468,19402.266666666663,37570.75,21537.09,31849.7,5,1,3,11,-35274.3,0.0
2010-03-21,20485.48,12262.0,55.0,51.0,372.46327272727274,24772.52442857143,9978.751408336624,22193.42857142857,23402.936500000003,7231.193442833445,17973.64285714286,24908.614500000003,8486.928944790245,19447.93333333333,35274.3,19123.05,29966.35,6,1,3,11,20485.48,11537.58
2010-03-22,21494.16,12051.0,52.0,49.0,413.34923076923076,26564.847285714284,7475.458341219025,23211.14285714286,23126.687928571428,7224.480734072587,17552.5,24214.479466666664,7840.919787724533,16637.7,20485.48,8947.9,25361.64,0,0,3,12,1008.6800000000003,957.4789999999994
2010-03-23,41826.29,54157.0,65.0,58.0,643.4813846153846,29606.22,8823.435399648268,28949.285714285717,24754.665785714285,8657.305282328236,20644.0,24753.055466666665,8473.648724264649,17918.133333333335,21494.16,20536.681,19034.6,1,0,3,12,20332.13,20777.510000000002
2010-03-24,25970.5,13663.0,66.0,59.0,393.49242424242425,30309.32285714286,8202.096060167994,29150.285714285717,24709.302928571436,8648.520158577765,20628.785714285717,24736.89813333333,8470.75279330921,17540.7,41826.29,21048.78,26605.58,2,0,3,12,-15855.79,-3573.279999999999
2010-03-25,30503.38,16603.0,75.0,67.0,406.71173333333337,30446.40857142857,8195.184902718616,20298.571428571428,25483.423642857146,8647.37990352094,20958.714285714286,24562.436133333333,8288.31253556113,17432.433333333334,25970.5,29543.78,19665.69,3,0,3,12,4532.880000000001,-7067.369999999999
2010-03-26,29867.35,20215.0,56.0,48.0,533.3455357142857,29345.922857142858,7572.625259504791,20247.285714285717,25980.677928571426,8687.817638281413,21166.785714285717,24926.94813333333,8272.600669878844,17744.2,30503.38,37570.75,22905.79,4,0,3,12,-636.0300000000025,-5406.950000000004
2010-03-27,0.0,0.0,0.0,0.0,0.0,29345.922857142858,7572.625259504791,20247.285714285717,25980.677928571426,8687.817638281413,21166.785714285717,24926.94813333333,8272.600669878844,17744.2,30503.38,37570.75,22905.79,5,1,3,12,-29867.35,0.0
2010-03-28,22402.0,14517.0,59.0,56.0,379.6949152542373,27507.022857142856,7455.081673522431,20495.42857142857,26042.457214285718,8656.808381596928,21224.714285714286,25293.8571,7886.8234291888175,18042.93333333333,29867.35,35274.3,21537.09,6,1,3,12,22402.0,1916.5200000000004
2010-03-29,31740.38,18251.0,58.0,41.0,547.2479310344828,29114.86571428572,6879.832781213612,21351.0,26943.69507142857,8536.983884824163,21772.214285714286,25473.9951,7972.701559852024,18203.866666666665,22402.0,20485.48,19123.05,0,0,3,13,9338.380000000001,10246.220000000001
2010-03-30,33524.51,18224.0,68.0,54.0,493.00750000000005,30833.487142857142,6119.460548451691,22232.85714285714,28699.16721428572,6926.849382029034,22722.0,25896.811766666666,8054.403141377898,18425.533333333333,31740.38,21494.16,8947.9,1,0,3,13,1784.130000000001,-8301.779999999999
2010-03-31,24591.07,12506.0,67.0,59.0,367.03089552238805,28371.312857142857,4090.1655643168447,16282.714285714286,28988.76642857143,6638.07365680921,22616.0,25703.425400000004,8012.27343340824,18111.033333333333,33524.51,41826.29,20536.681,2,0,3,13,-8933.440000000002,-1379.4300000000003
2010-04-01,28646.66,16895.0,74.0,72.0,387.117027027027,28753.62142857143,3951.065696506932,16744.428571428572,29531.472142857143,6237.49532931554,22947.35714285714,25171.50873333333,7203.055010063322,17807.066666666666,24591.07,25970.5,21048.78,3,0,4,13,4055.59,-1856.7200000000012
2010-04-02,0.0,0.0,0.0,0.0,0.0,28753.62142857143,3951.065696506932,16744.428571428572,29531.472142857143,6237.49532931554,22947.35714285714,25171.50873333333,7203.055010063322,17807.066666666666,24591.07,25970.5,21048.78,4,0,4,13,-28646.66,-29867.35
2010-04-03,0.0,0.0,0.0,0.0,0.0,28753.62142857143,3951.065696506932,16744.428571428572,29531.472142857143,6237.49532931554,22947.35714285714,25171.50873333333,7203.055010063322,17807.066666666666,24591.07,25970.5,21048.78,5,1,4,13,0.0,0.0
2010-04-04,0.0,0.0,0.0,0.0,0.0,28753.62142857143,3951.065696506932,16744.428571428572,29531.472142857143,6237.49532931554,22947.35714285714,25171.50873333333,7203.055010063322,17807.066666666666,24591.07,25970.5,21048.78,6,1,4,13,0.0,-22402.0
2010-04-05,0.0,0.0,0.0,0.0,0.0,28753.62142857143,3951.065696506932,16744.428571428572,29531.472142857143,6237.49532931554,22947.35714285714,25171.50873333333,7203.055010063322,17807.066666666666,24591.07,25970.5,21048.78,0,0,4,14,0.0,-31740.38
2010-04-06,17900.83,12715.0,53.0,46.0,337.75150943396227,26953.257142857143,5563.238964151788,16189.0,28699.83285714286,6969.005415918298,18243.785714285717,25342.248366666667,6955.625559456764,18004.3,28646.66,30503.38,29543.78,1,0,4,14,17900.83,-15623.68
2010-04-07,32146.75,22970.0,59.0,46.0,544.8601694915254,27278.88571428572,5822.885306343247,16582.571428571428,28312.40428571429,6577.690315903733,18414.92857142857,25855.75703333333,6866.858299486756,18489.33333333333,17900.83,29867.35,37570.75,2,0,4,14,14245.919999999998,7555.68
2010-04-08,39866.6,25830.0,81.0,70.0,492.1802469135802,29773.82857142857,7006.298563800559,18198.714285714286,28640.425714285717,7049.185454614534,19347.071428571428,26386.84803333333,7314.621364822798,18644.066666666666,32146.75,22402.0,35274.3,3,0,4,14,7719.8499999999985,11219.939999999999
2010-04-09,14668.53,8676.0,35.0,33.0,419.10085714285714,27334.992857142857,8918.114527115955,16830.85714285714,28224.929285714286,7707.523850377972,19090.92857142857,26153.539033333334,7577.242370086412,18565.966666666667,39866.6,31740.38,20485.48,4,0,4,14,-25198.07,14668.53
2010-04-10,0.0,0.0,0.0,0.0,0.0,27334.992857142857,8918.114527115955,16830.85714285714,28224.929285714286,7707.523850377972,19090.92857142857,26153.539033333334,7577.242370086412,18565.966666666667,39866.6,31740.38,20485.48,5,1,4,14,-14668.53,0.0
2010-04-11,19732.05,11585.0,42.0,40.0,469.81071428571425,25364.641428571427,8846.0464302354,15882.42857142857,28099.06428571429,7839.156970780324,19057.64285714286,25749.617366666665,7586.0992347367,18284.43333333333,14668.53,33524.51,21494.16,6,1,4,14,19732.05,19732.05
2010-04-12,25912.471,12188.0,44.0,37.0,588.9197954545455,25553.413,8840.885006757479,15837.0,26962.36292857143,6777.429572283948,16059.857142857143,25614.488066666665,7544.388267863981,18089.233333333334,19732.05,24591.07,41826.29,0,0,4,15,6180.421000000002,25912.471
2010-04-13,25736.04,14373.0,49.0,43.0,525.225306122449,25137.610142857146,8739.016131906363,15476.714285714286,26945.61578571429,6780.358058479532,16110.57142857143,25626.968066666668,7544.2652483077745,17970.1,25912.471,28646.66,25970.5,1,0,4,15,-176.4310000000005,7835.209999999999
2010-04-14,27054.25,16322.0,43.0,39.0,629.1686046511628,26445.24157142857,8139.979929923464,15992.0,26699.249357142857,6703.367038940099,16090.5,25894.28973333333,7444.035327499221,18151.63333333333,25736.04,17900.83,30503.38,2,0,4,15,1318.2099999999991,-5092.5
2010-04-15,19538.34,10700.0,64.0,57.0,305.2865625,24644.040142857142,8062.706787112067,14239.142857142857,25961.46292857143,6893.574730267068,15410.857142857143,25658.715066666668,7532.05448278267,18045.766666666663,27054.25,32146.75,29867.35,3,0,4,15,-7515.91,-20328.26
2010-04-16,19363.82,14781.0,38.0,37.0,509.57421052631577,21715.07157142857,4585.227044823425,12660.714285714286,25744.45007142857,7060.059027067674,15429.714285714286,25648.65273333333,7540.533718763969,18139.0,19538.34,39866.6,22402.0,4,0,4,15,-174.52000000000044,4695.289999999999
2010-04-17,0.0,0.0,0.0,0.0,0.0,21715.07157142857,4585.227044823425,12660.714285714286,25744.45007142857,7060.059027067674,15429.714285714286,25648.65273333333,7540.533718763969,18139.0,19538.34,39866.6,22402.0,5,1,4,15,-19363.82,0.0
2010-04-18,23934.46,12961.0,54.0,43.0,443.2307407407407,23038.775857142853,3394.9086375128977,13272.857142857143,25186.88435714285,6855.375263496695,15051.857142857143,25682.941733333333,7529.962455459245,17994.3,19363.82,14668.53,31740.38,6,1,4,15,23934.46,4202.41
2010-04-19,24561.04,14564.0,61.0,44.0,402.64,23728.63157142857,3087.7168971847395,13698.42857142857,24546.6365,6421.640381030052,14790.42857142857,25783.74006666667,7492.698677362029,18022.9,23934.46,19732.05,33524.51,0,0,4,16,626.5800000000017,-1351.4310000000005
2010-04-20,21202.35,12416.0,62.0,53.0,341.97338709677416,23055.757142857143,3045.4227340644647,13731.0,24304.58507142857,6483.405329844428,14784.0,25853.05006666667,7438.380656916041,18083.9,24561.04,25912.471,24591.07,1,0,4,16,-3358.6900000000023,-4533.690000000002
2010-04-21,25873.86,11566.0,60.0,51.0,431.231,23075.445714285717,3066.0145633261604,13330.0,24106.527928571428,6382.119957615463,14403.357142857143,26417.248733333334,6719.047621683449,18305.2,21202.35,25736.04,28646.66,2,0,4,16,4671.510000000002,-1180.3899999999994
2010-04-22,35741.2,21229.0,77.0,67.0,464.1714285714285,24316.43857142857,5630.4629323718855,14031.0,25380.84007142857,6814.179922999124,15011.5,26924.066033333333,6832.658654606048,18546.5,25873.86,27054.25,17900.83,3,0,4,16,9867.339999999997,16202.859999999997
2010-04-23,14969.64,9829.0,52.0,43.0,287.8776923076923,23663.76714285714,6477.695508663299,13906.57142857143,24153.903642857145,7044.746826636421,14072.857142857143,26721.428033333334,7097.908763082267,18465.6,35741.2,19538.34,32146.75,4,0,4,16,-20771.559999999998,-4394.18
2010-04-24,0.0,0.0,0.0,0.0,0.0,23663.76714285714,6477.695508663299,13906.57142857143,24153.903642857145,7044.746826636421,14072.857142857143,26721.428033333334,7097.908763082267,18465.6,35741.2,19538.34,32146.75,5,1,4,16,-14969.64,0.0
2010-04-25,16574.53,8380.0,46.0,44.0,360.3158695652174,23265.29714285714,6860.752194763828,12992.142857142857,22490.184357142854,5663.490117283018,12826.42857142857,26289.1197,7311.8140342806355,16126.1,14969.64,19363.82,39866.6,6,1,4,16,16574.53,-7359.93
2010-04-26,29734.03,17979.0,73.0,66.0,407.3154794520548,24093.807142857146,7291.676169609885,13709.0,23566.2915,5491.668477482857,13490.92857142857,26027.8957,7029.399334443295,16039.6,16574.53,23934.46,14668.53,0,0,4,17,13159.5,5172.989999999998
2010-04-27,43534.06,22759.0,74.0,63.0,588.2981081081081,26804.23857142857,10370.561726016282,14879.714285714286,25266.43507142857,7522.290114495189,14289.07142857143,26303.22103333333,7546.766537406338,16372.233333333334,29734.03,24561.04,19732.05,1,0,4,17,13800.029999999999,22331.71
2010-04-28,31181.87,19058.0,70.0,62.0,445.4552857142857,28229.88428571428,10155.840228802414,15828.57142857143,25642.820714285717,7687.125666729998,14779.785714285714,26659.767366666663,7515.038294136927,16598.766666666666,43534.06,21202.35,25912.471,2,0,4,17,-12352.189999999999,5308.009999999998
2010-04-29,29575.671,16370.0,76.0,71.0,389.15356578947365,28758.714428571428,10108.982859510652,16514.85714285714,25917.08007142857,7758.8672845688,14922.42857142857,26929.151066666665,7468.185819275364,16742.733333333334,31181.87,25873.86,25736.04,3,0,4,17,-1606.1990000000005,-6165.528999999999
2010-04-30,24532.95,16441.0,42.0,36.0,584.1178571428571,27157.53585714285,9697.978975458736,15830.857142857143,25736.987214285717,7759.70297063196,14930.92857142857,26352.706400000003,6926.43253214054,15485.533333333333,29575.671,35741.2,27054.25,4,0,4,17,-5042.720999999998,9563.310000000001
2010-05-01,0.0,0.0,0.0,0.0,0.0,27157.53585714285,9697.978975458736,15830.857142857143,25736.987214285717,7759.70297063196,14930.92857142857,26352.706400000003,6926.43253214054,15485.533333333333,29575.671,35741.2,27054.25,5,1,5,17,-24532.95,0.0
2010-05-02,12342.17,6296.0,40.0,39.0,308.55425,26782.183,10281.608247541782,15326.142857142857,25222.97507142857,8412.755218012415,14616.357142857143,25898.42873333333,7384.15489894575,15239.966666666667,24532.95,14969.64,19538.34,6,1,5,17,12342.17,-4232.359999999999
2010-05-03,0.0,0.0,0.0,0.0,0.0,26782.183,10281.608247541782,15326.142857142857,25222.97507142857,8412.755218012415,14616.357142857143,25898.42873333333,7384.15489894575,15239.966666666667,24532.95,14969.64,19538.34,0,0,5,18,-12342.17,-29734.03
2010-05-04,18945.33,10501.0,48.0,43.0,394.69437500000004,27120.86871428572,9922.079234542916,15629.142857142857,25193.08292857143,8435.887051918573,14310.642857142857,25513.1604,7436.938605283982,15036.566666666668,12342.17,16574.53,19363.82,1,0,5,18,18945.33,-24588.729999999996
2010-05-05,23625.22,14814.0,66.0,57.0,357.9578787878788,26248.181571428573,9922.582040499512,15177.0,25170.994357142856,8439.840075052876,14443.0,25305.0894,7398.136215417085,14856.533333333333,18945.33,29734.03,23934.46,2,0,5,18,4679.889999999999,-7556.649999999998
2010-05-06,51704.13,30422.0,76.0,68.0,680.3175,27415.33442857143,12452.669077416302,16271.714285714286,27109.786499999995,11014.019525836797,15575.714285714286,26281.82706666667,8802.627129101074,15386.7,23625.22,43534.06,24561.04,3,0,5,18,28078.909999999996,22128.459
2010-05-07,31976.09,22834.0,63.0,48.0,507.5569841269841,27528.79442857143,12496.248716315637,16811.14285714286,27879.339357142857,10945.685067835742,16319.857142857143,26289.684066666665,8807.770991064463,15539.466666666667,51704.13,31181.87,21202.35,4,0,5,18,-19728.039999999997,7443.139999999999
2010-05-08,0.0,0.0,0.0,0.0,0.0,27528.79442857143,12496.248716315637,16811.14285714286,27879.339357142857,10945.685067835742,16319.857142857143,26289.684066666665,8807.770991064463,15539.466666666667,51704.13,31181.87,21202.35,5,1,5,18,-31976.09,0.0
2010-05-09,22852.06,11825.0,62.0,52.0,368.58161290322585,26568.27857142857,12570.875056481966,16161.857142857143,27663.4965,11017.83043417932,16338.357142857143,25933.935733333336,8720.577946163086,15326.166666666666,31976.09,29575.671,25873.86,6,1,5,18,22852.06,10509.890000000001
2010-05-10,26496.43,14734.0,70.0,65.0,378.52042857142857,26848.77571428571,12539.75842010502,15918.0,27003.155785714283,10770.72845743202,15874.42857142857,25997.44773333333,8717.3983977664,15400.433333333332,22852.06,24532.95,35741.2,0,0,5,19,3644.369999999999,26496.43
2010-05-11,25201.04,17134.0,62.0,59.0,406.4683870967742,28685.757142857143,10894.38055191406,17466.285714285714,27733.97007142857,10224.69316976458,16396.214285714286,25882.59373333333,8703.9788886748,15408.4,26496.43,12342.17,14969.64,1,0,5,19,-1295.3899999999994,6255.709999999999
2010-05-12,29744.74,21360.0,64.0,51.0,464.7615625,30228.53,10014.23697213786,19017.571428571428,28674.699357142857,9711.995145408231,17323.35714285714,26277.39073333333,8597.413178903056,15696.566666666668,25201.04,18945.33,16574.53,2,0,5,19,4543.700000000001,6119.52
2010-05-13,38966.0,26351.0,64.0,58.0,608.84375,32420.07,10006.909270169264,20665.714285714286,29334.125785714285,10095.307091997773,17921.35714285714,26504.699066666664,8844.540966360712,15809.266666666666,29744.74,23625.22,29734.03,3,0,5,19,9221.259999999998,-12738.129999999997
2010-05-14,16895.24,13848.0,40.0,36.0,422.38100000000003,27447.37142857143,7034.209949924287,18298.0,27431.35292857143,9716.354384867402,17284.85714285714,25738.987066666665,8639.849741782435,15409.866666666669,38966.0,51704.13,43534.06,4,0,5,19,-22070.76,-15080.849999999999
2010-05-15,0.0,0.0,0.0,0.0,0.0,27447.37142857143,7034.209949924287,18298.0,27431.35292857143,9716.354384867402,17284.85714285714,25738.987066666665,8639.849741782435,15409.866666666669,38966.0,51704.13,43534.06,5,1,5,19,-16895.24,0.0
2010-05-16,18370.09,11028.0,44.0,38.0,417.50204545454545,25503.657142857144,7442.246831216814,16611.428571428572,26516.225785714283,9936.776109489696,16711.285714285714,25862.3724,8501.626638182404,15488.266666666666,16895.24,31976.09,31181.87,6,1,5,19,18370.09,-4481.970000000001
2010-05-17,23290.76,13483.0,46.0,42.0,506.3208695652174,25566.32857142857,7418.0037721488015,16848.285714285714,26067.30357142857,9929.891707537618,16505.071428571428,25980.996066666667,8437.727671994715,15551.533333333333,18370.09,22852.06,29575.671,0,0,5,20,4920.669999999998,-3205.670000000002
2010-05-18,26164.58,21947.0,60.0,51.0,436.07633333333337,25518.92142857143,7412.127043182713,17878.714285714286,26183.84857142857,9920.068256230616,16898.35714285714,25989.3997,8437.782615404472,15876.833333333334,23290.76,26496.43,24532.95,1,0,5,20,2873.8200000000033,963.5400000000009
2010-05-19,16575.5,9421.0,58.0,56.0,285.7844827586207,24286.70142857143,8153.659088340677,16776.85714285714,26486.22928571429,9522.23722885496,17121.571428571428,25684.048366666662,8611.238089926961,15711.766666666666,26164.58,25201.04,12342.17,2,0,5,20,-9589.080000000002,-13169.240000000002
2010-05-20,25331.44,15470.0,66.0,57.0,383.809696969697,23656.230000000003,7825.298431508298,15935.42857142857,26942.38,9283.170759592516,17476.5,25626.621366666663,8607.52911426615,15683.366666666669,16575.5,29744.74,18945.33,3,0,5,20,8755.939999999999,-13634.560000000001
2010-05-21,22494.36,9052.0,44.0,39.0,511.23545454545456,21303.13857142857,3991.937349176108,13464.142857142857,26861.60428571428,9319.105094883713,17064.928571428572,25725.155366666662,8552.172115558544,15628.433333333332,25331.44,38966.0,23625.22,4,0,5,20,-2837.079999999998,5599.119999999999
2010-05-22,0.0,0.0,0.0,0.0,0.0,21303.13857142857,3991.937349176108,13464.142857142857,26861.60428571428,9319.105094883713,17064.928571428572,25725.155366666662,8552.172115558544,15628.433333333332,25331.44,38966.0,23625.22,5,1,5,20,-22494.36,0.0
2010-05-23,24824.93,13755.0,48.0,41.0,517.1860416666667,22435.95142857143,3642.43446666473,13450.857142857143,24941.661428571428,5976.780630964668,15874.42857142857,25907.19236666667,8469.823681982938,15594.233333333334,22494.36,16895.24,51704.13,6,1,5,20,24824.93,6454.84
2010-05-24,33536.19,32351.0,67.0,61.0,500.5401492537314,24602.537142857145,5056.833407191702,16497.0,25053.097142857143,6130.589584016568,16554.214285714286,26227.25003333333,8573.488220031682,16240.566666666668,24824.93,18370.09,31976.09,0,0,5,21,8711.260000000002,10245.430000000004
2010-05-25,20415.92,14606.0,57.0,52.0,358.1740350877193,24191.845714285715,5292.379999117738,16657.428571428572,24879.087142857144,6231.610528019972,16752.85714285714,26089.079366666665,8634.451591712095,16241.966666666667,33536.19,23290.76,22852.06,1,0,5,21,-13120.270000000004,-5748.6600000000035
2010-05-26,29586.64,18023.0,69.0,64.0,428.791884057971,24680.711428571427,5650.8836085943685,16096.857142857143,25099.816428571427,6346.966344927298,16987.785714285714,26368.5557,8606.470040640763,16428.866666666665,20415.92,26164.58,26496.43,2,0,5,21,9170.720000000001,13011.14
2010-05-27,29221.67,17496.0,83.0,77.0,352.06831325301204,26487.307142857146,4540.085338198321,17250.428571428572,25387.00428571429,6442.147979852555,17013.64285714286,26480.14936666667,8621.52561352033,16626.533333333333,29586.64,16575.5,25201.04,3,0,5,21,-364.97000000000116,3890.2299999999996
2010-05-28,18569.88,12005.0,49.0,43.0,378.9771428571429,25521.370000000003,5454.243470784886,16755.428571428572,24588.8,6552.040313774235,16345.42857142857,25907.77203333333,8555.230788522618,16319.066666666668,29221.67,25331.44,29744.74,4,0,5,21,-10651.789999999997,-3924.4799999999996
2010-05-29,0.0,0.0,0.0,0.0,0.0,25521.370000000003,5454.243470784886,16755.428571428572,24588.8,6552.040313774235,16345.42857142857,25907.77203333333,8555.230788522618,16319.066666666668,29221.67,25331.44,29744.74,5,1,5,21,-18569.88,0.0
2010-05-30,10702.97,6204.0,31.0,30.0,345.25709677419354,23836.88571428572,7842.750462367235,16348.57142857143,22570.01214285714,6121.433672772773,14906.357142857143,25765.5497,8775.954016776981,16198.233333333334,18569.88,22494.36,38966.0,6,1,5,21,10702.97,-14121.960000000001
2010-05-31,0.0,0.0,0.0,0.0,0.0,23836.88571428572,7842.750462367235,16348.57142857143,22570.01214285714,6121.433672772773,14906.357142857143,25765.5497,8775.954016776981,16198.233333333334,18569.88,22494.36,38966.0,0,0,5,22,-10702.97,-33536.19
2010-06-01,13093.79,7769.0,36.0,33.0,363.7163888888889,22161.00857142857,8792.329360678386,15493.42857142857,22298.48,6467.06974480951,14472.142857142857,25649.52503333333,8923.426157579484,16177.866666666669,10702.97,24824.93,16895.24,1,0,6,22,13093.79,-7322.129999999997
2010-06-02,13714.76,11289.0,42.0,38.0,326.5419047619048,19329.375714285718,7633.781101718956,12484.57142857143,21965.95642857143,6795.920032713738,14490.785714285714,25115.549366666663,9147.074211903118,15954.866666666669,13093.79,33536.19,18370.09,2,0,6,22,620.9699999999993,-15871.88
2010-06-03,26644.63,16947.0,62.0,52.0,429.75209677419355,20219.191428571427,8128.52637522,12819.0,22205.518571428573,6904.459538724945,14738.214285714286,24552.568366666663,8468.986337475433,15761.133333333331,13714.76,20415.92,23290.76,3,0,6,22,12929.87,-2577.0399999999972
2010-06-04,11447.73,6389.0,34.0,29.0,336.6979411764706,17627.918571428574,7512.480991759459,11157.0,21154.315,7360.579732899114,13626.92857142857,23894.763700000003,8699.57608367155,15338.833333333334,26644.63,29586.64,26164.58,4,0,6,22,-15196.900000000001,-7122.1500000000015
2010-06-05,0.0,0.0,0.0,0.0,0.0,17627.918571428574,7512.480991759459,11157.0,21154.315,7360.579732899114,13626.92857142857,23894.763700000003,8699.57608367155,15338.833333333334,26644.63,29586.64,26164.58,5,1,6,22,-11447.73,0.0
2010-06-06,25457.15,14079.0,68.0,62.0,374.3698529411765,17090.13,6626.73248606226,10668.857142857143,21788.71857142857,7318.20718802699,13959.642857142857,23757.479666666663,8639.123185587874,15262.466666666667,11447.73,29221.67,16575.5,6,1,6,22,25457.15,14754.180000000002
2010-06-07,45523.11,28736.0,99.0,81.0,459.8293939393939,20940.59142857143,12688.208566608102,13059.0,23230.980714285717,9678.99714263069,14907.214285714286,24457.15166666667,9510.165369676111,15672.3,25457.15,18569.88,25331.44,0,0,6,23,20065.96,45523.11
2010-06-08,48215.48,25001.0,74.0,61.0,651.5605405405406,26299.52142857143,15297.208670393018,15744.285714285714,25068.20357142857,11748.341875926795,16046.42857142857,25652.92866666667,10166.95631529764,16295.8,45523.11,10702.97,22494.36,1,0,6,23,2692.3700000000026,35121.69
2010-06-09,36508.94,24843.0,63.0,59.0,579.5069841269842,29644.54285714286,14465.731143713068,18183.42857142857,25902.77571428572,12138.261494997285,16838.428571428572,26238.38233333333,10272.530231104862,16773.866666666665,48215.48,13093.79,24824.93,2,0,6,23,-11706.54,22794.18
2010-06-10,18009.12,9677.0,62.0,56.0,290.4696774193548,30258.022857142856,13750.968719506887,17953.14285714286,24793.699285714287,12096.427244657149,15218.857142857143,26051.179,10372.48055267011,16602.633333333335,36508.94,13714.76,33536.19,3,0,6,23,-18499.820000000003,-8635.510000000002
2010-06-11,30835.29,20517.0,74.0,65.0,416.6931081081081,30856.68857142857,13658.347077282597,18463.14285714286,25537.94,12126.853623965146,15641.07142857143,25355.551,9229.56102604368,16272.466666666667,18009.12,26644.63,20415.92,4,0,6,23,12826.170000000002,19387.56
2010-06-12,0.0,0.0,0.0,0.0,0.0,30856.68857142857,13658.347077282597,18463.14285714286,25537.94,12126.853623965146,15641.07142857143,25355.551,9229.56102604368,16272.466666666667,18009.12,26644.63,20415.92,5,1,6,23,-30835.29,0.0
2010-06-13,21147.77,10942.0,69.0,61.0,306.4894202898551,32242.40857142857,11714.78095449992,19113.571428571428,24935.163571428573,12119.857810923737,15135.285714285714,24994.607000000004,9173.283119321868,15876.066666666668,30835.29,11447.73,29586.64,6,1,6,23,21147.77,-4309.380000000001
2010-06-14,21317.37,15586.0,51.0,48.0,417.9876470588235,31651.01142857143,12208.501387103744,19328.85714285714,24370.570714285717,12088.882290014337,14998.857142857143,24943.450666666668,9189.907559520798,16001.433333333332,21147.77,25457.15,29221.67,0,0,6,24,169.59999999999854,-24205.74
2010-06-15,26937.46,18633.0,46.0,41.0,585.5969565217391,28995.91857142857,10604.408347848266,17885.571428571428,24968.255,11986.446551291385,15472.285714285714,24958.15166666667,9192.829800435016,16131.4,21317.37,45523.11,18569.88,1,0,6,24,5620.09,-21278.020000000004
2010-06-16,29229.94,18495.0,77.0,65.0,379.6096103896104,26283.698571428573,6505.012447734482,16956.14285714286,26291.610000000004,11293.01879847149,16350.214285714286,25092.448333333337,9225.869897187747,16176.766666666666,26937.46,48215.48,10702.97,2,0,6,24,2292.4799999999996,-7279.000000000004
2010-06-17,22635.35,12892.0,69.0,61.0,328.04855072463766,24301.757142857143,4746.039821316645,15248.857142857143,26973.15,10708.021386601857,16716.14285714286,24855.468666666668,9193.499050642453,15894.5,29229.94,36508.94,13093.79,3,0,6,24,-6594.59,4626.23
2010-06-18,17788.69,9315.0,47.0,44.0,378.48276595744676,24270.26714285714,4795.22651477731,15197.142857142857,27264.145,10370.024453076076,16575.14285714286,24149.55833333333,8880.3838517616,15326.633333333331,22635.35,18009.12,13714.76,4,0,6,24,-4846.66,-13046.600000000002
2010-06-19,0.0,0.0,0.0,0.0,0.0,24270.26714285714,4795.22651477731,15197.142857142857,27264.145,10370.024453076076,16575.14285714286,24149.55833333333,8880.3838517616,15326.633333333331,22635.35,18009.12,13714.76,5,1,6,24,-17788.69,0.0
2010-06-20,9078.58,4487.0,26.0,26.0,349.17615384615385,21162.165714285715,6557.831903759148,12907.142857142857,26009.427142857145,11456.529317265336,15685.142857142857,23889.003000000004,9209.15564715978,15014.6,17788.69,30835.29,26644.63,6,1,6,24,9078.58,-12069.19
2010-06-21,18116.21,11305.0,43.0,40.0,421.3072093023256,20729.08571428571,6658.274133734756,12959.0,26485.74714285714,10931.114218512224,16036.285714285714,23880.54033333333,9214.51717090146,15023.833333333334,9078.58,21147.77,11447.73,0,0,6,25,9037.63,-3201.16
2010-06-22,12414.03,6355.0,41.0,36.0,302.78121951219515,19457.18,7342.405949328376,11640.285714285714,25554.095714285715,11563.084246000417,15484.57142857143,23517.98266666667,9449.506556402624,14786.233333333334,18116.21,21317.37,25457.15,1,0,6,25,-5702.1799999999985,-14523.429999999998
2010-06-23,25098.24,15489.0,61.0,54.0,411.4465573770492,19194.434285714284,7057.493330035432,11191.142857142857,24095.176428571427,10037.667369154731,14538.357142857143,23482.438,9441.209894193467,14570.966666666667,12414.03,26937.46,45523.11,2,0,6,25,12684.210000000001,-4131.699999999997
2010-06-24,17217.85,9410.0,47.0,42.0,366.3372340425532,17478.421428571426,5498.967815825101,9893.285714285714,21881.06,7372.966073521028,13424.714285714286,23503.849666666665,9425.721229534636,14570.6,25098.24,29229.94,48215.48,3,0,6,25,-7880.390000000003,-5417.5
2010-06-25,12371.59,6502.0,40.0,37.0,309.28975,16012.169999999998,5257.826617266171,8980.42857142857,20156.96357142857,6454.147151150295,12114.642857142857,23071.854666666663,9633.760551720952,14271.666666666666,17217.85,22635.35,36508.94,4,0,6,25,-4846.259999999998,-5417.0999999999985
2010-06-26,0.0,0.0,0.0,0.0,0.0,16012.169999999998,5257.826617266171,8980.42857142857,20156.96357142857,6454.147151150295,12114.642857142857,23071.854666666663,9633.760551720952,14271.666666666666,17217.85,22635.35,36508.94,5,1,6,25,-12371.59,0.0
2010-06-27,18706.92,10851.0,55.0,52.0,340.12581818181815,16143.345714285711,5320.614770233592,9199.857142857143,20206.806428571428,6438.960826568685,12198.5,22945.60666666667,9666.351032992588,14331.633333333331,12371.59,17788.69,18009.12,6,1,6,25,18706.92,9628.339999999998
2010-06-28,51132.78,33808.0,68.0,64.0,751.9526470588235,22151.08857142857,13487.97258407827,13388.57142857143,21656.62714285714,10201.833438922342,13147.857142857143,23822.535,10950.715158154728,15000.066666666668,18706.92,9078.58,30835.29,0,0,6,26,32425.86,33016.57
2010-06-29,32236.92,20301.0,68.0,56.0,474.07235294117646,24168.332857142854,13835.409014160849,14673.714285714286,22448.709285714285,10582.665126583515,13816.357142857143,23779.226,10913.479838161742,14598.4,51132.78,18116.21,21147.77,1,0,6,26,-18895.86,19822.89
2010-06-30,31491.43,20254.0,75.0,67.0,419.88573333333335,26893.675714285717,12987.063536574698,16659.285714285714,23175.42785714285,10845.075473534704,14149.785714285714,24148.409666666663,10982.893578050804,14786.666666666666,32236.92,12414.03,21317.37,2,0,6,26,-745.489999999998,6393.189999999999
2010-07-01,28830.02,16217.0,81.0,80.0,355.9261728395062,27426.787142857145,12977.66864682007,16763.285714285714,23310.610714285714,10907.193431354195,13977.214285714286,24123.189,10970.83694156038,14726.466666666667,31491.43,25098.24,26937.46,3,0,7,26,-2661.41,11612.170000000002
2010-07-02,16726.13,8599.0,44.0,36.0,380.1393181818182,27356.54142857143,13043.302403401543,16647.428571428572,22417.481428571427,10897.136883415991,13270.357142857143,23706.671,11007.733940692711,14429.9,28830.02,17217.85,29229.94,4,0,7,26,-12103.89,4354.540000000001
2010-07-03,0.0,0.0,0.0,0.0,0.0,27356.54142857143,13043.302403401543,16647.428571428572,22417.481428571427,10897.136883415991,13270.357142857143,23706.671,11007.733940692711,14429.9,28830.02,17217.85,29229.94,5,1,7,26,-16726.13,0.0
2010-07-04,10376.29,5302.0,21.0,20.0,494.10904761904766,27071.49857142857,13441.092767873468,16476.0,21541.834285714285,11360.955108713826,12728.214285714286,23433.55133333333,11238.80376813566,14206.466666666667,16726.13,12371.59,22635.35,6,1,7,26,10376.29,-8330.629999999997
2010-07-05,30963.57,16155.0,81.0,65.0,382.2662962962963,28822.44857142857,12959.546756332971,17233.714285714286,22482.897142857146,11569.8930730844,13216.785714285714,24108.904666666665,11054.66200657933,14538.166666666666,10376.29,18706.92,17788.69,0,0,7,27,20587.28,-20169.21
2010-07-06,19917.28,11148.0,54.0,47.0,368.83851851851847,24363.091428571428,8660.72734356534,13996.57142857143,23257.09,10949.980553304107,13692.57142857143,24336.354333333333,10889.16889265776,14650.8,30963.57,51132.78,9078.58,1,0,7,27,-11046.29,-12319.64
2010-07-07,24902.95,13410.0,60.0,56.0,415.0491666666667,23315.38142857143,7965.128016482034,13012.142857142857,23741.85714285714,10854.694776336968,13842.92857142857,24709.294,10702.845610381672,14721.5,19917.28,32236.92,18116.21,2,0,7,27,4985.670000000002,-6588.48
2010-07-08,19973.45,11697.0,65.0,58.0,307.2838461538462,21669.95571428572,7141.759130587359,11789.714285714286,24281.815714285716,10427.466075885057,14224.5,24486.921333333332,10730.51630583406,14546.5,24902.95,31491.43,12414.03,3,0,7,27,-4929.5,-8856.57
2010-07-09,33408.64,13024.0,25.0,23.0,1336.3455999999999,22324.044285714284,8057.74685261713,11333.57142857143,24875.415714285715,10710.224997336883,14048.42857142857,25218.951666666664,10558.010403244603,14767.666666666666,19973.45,28830.02,25098.24,4,0,7,27,13435.189999999999,16682.51
2010-07-10,0.0,0.0,0.0,0.0,0.0,22324.044285714284,8057.74685261713,11333.57142857143,24875.415714285715,10710.224997336883,14048.42857142857,25218.951666666664,10558.010403244603,14767.666666666666,19973.45,28830.02,25098.24,5,1,7,27,-33408.64,0.0
2010-07-11,7609.23,5711.0,26.0,24.0,292.6626923076923,21021.63,9685.718355363872,10921.0,24189.08571428572,11516.223091139194,13784.214285714286,24624.021,11036.152519166537,14488.733333333334,33408.64,16726.13,17217.85,6,1,7,27,7609.23,-2767.0600000000013
2010-07-12,16101.17,8861.0,47.0,38.0,342.57808510638296,21839.47,8841.987591348792,11429.42857142857,24455.484285714287,11262.161790580469,13952.714285714286,23643.289666666667,10404.102738584625,13826.233333333334,7609.23,10376.29,12371.59,0,0,7,28,8491.94,-14862.4
2010-07-13,17419.12,8822.0,49.0,38.0,355.49224489795915,19904.54857142857,7949.500132740856,10381.857142857143,24363.49857142857,11317.847438636183,13807.785714285714,22616.74433333333,9363.26120366915,13286.933333333332,16101.17,30963.57,18706.92,1,0,7,28,1317.949999999999,-2498.16
2010-07-14,19418.63,12055.0,52.0,47.0,373.4351923076923,19833.312857142857,7951.600962935478,10511.42857142857,22098.202142857142,8326.200835692078,12254.0,22047.06733333333,9001.815964291432,12860.666666666666,17419.12,19917.28,51132.78,2,0,7,28,1999.510000000002,-5484.32
2010-07-15,55836.91,27673.0,78.0,64.0,715.8578205128206,24252.45,15880.932603260411,12549.0,23783.915714285715,12079.72570143856,12780.57142857143,23307.99366666667,10871.821249613213,13460.533333333333,19418.63,24902.95,32236.92,3,0,7,28,36418.28,35863.46000000001
2010-07-16,21137.76,14039.0,62.0,56.0,340.93161290322575,24418.78,15834.676689729607,12883.57142857143,23044.367857142857,11886.955935697017,12336.642857142857,22984.74266666667,10784.109332926386,13244.6,55836.91,19973.45,31491.43,4,0,7,28,-34699.15000000001,-12270.880000000001
2010-07-17,0.0,0.0,0.0,0.0,0.0,24418.78,15834.676689729607,12883.57142857143,23044.367857142857,11886.955935697017,12336.642857142857,22984.74266666667,10784.109332926386,13244.6,55836.91,19973.45,31491.43,5,1,7,28,-21137.76,0.0
2010-07-18,14581.99,9382.0,39.0,37.0,373.89717948717947,21729.25857142857,15651.049439206316,12363.285714285714,22026.65142857143,11963.19352943972,11848.42857142857,22765.88333333333,10888.792419978838,13192.6,21137.76,33408.64,28830.02,6,1,7,28,14581.99,6972.76
2010-07-19,28611.56,18120.0,56.0,54.0,510.9207142857143,24729.591428571428,14460.918462134892,14136.0,22875.610714285714,11979.820339647098,12528.5,23009.023,10936.66476375088,13277.066666666668,14581.99,7609.23,16726.13,0,0,7,29,14029.570000000002,12510.390000000001
2010-07-20,23124.39,11707.0,54.0,48.0,428.2294444444444,25732.90857142857,13998.74681810413,14542.57142857143,23786.18928571429,11428.473099240704,12986.0,22881.920666666665,10911.563765854551,13046.2,28611.56,16101.17,10376.29,1,0,7,29,-5487.170000000002,5705.27
2010-07-21,19142.73,12555.0,46.0,42.0,416.14630434782606,25979.13857142857,13842.42538699344,15075.857142857143,22941.84357142857,11293.2791809585,12728.857142857143,22545.68033333333,10864.521445902048,12848.2,23124.39,17419.12,30963.57,2,0,7,29,-3981.66,-275.90000000000146
2010-07-22,21620.39,13161.0,61.0,57.0,354.4326229508197,26293.67571428572,13692.71293219115,15233.857142857143,23063.494285714285,11267.3356374274,12872.642857142857,22511.84833333333,10865.812797296088,12857.166666666666,19142.73,19418.63,19917.28,3,0,7,29,2477.66,-34216.520000000004
2010-07-23,23886.33,12828.0,38.0,37.0,628.5876315789474,21729.307142857146,4322.436095477851,13113.142857142857,22990.87857142857,11257.840753018343,12831.07142857143,22715.103,10831.391711857608,12974.266666666666,21620.39,55836.91,24902.95,4,0,7,29,2265.9400000000023,2748.5700000000033
2010-07-24,0.0,0.0,0.0,0.0,0.0,21729.307142857146,4322.436095477851,13113.142857142857,22990.87857142857,11257.840753018343,12831.07142857143,22715.103,10831.391711857608,12974.266666666666,21620.39,55836.91,24902.95,5,1,7,29,-23886.33,0.0
2010-07-25,17230.6,11531.0,54.0,51.0,319.08518518518514,21171.141428571427,4651.313756701463,12754.857142857143,22794.96071428572,11337.97322888711,12819.214285714286,22986.837,10576.75098193175,13209.066666666668,23886.33,21137.76,19973.45,6,1,7,29,17230.6,2648.6099999999988
2010-07-26,20232.85,14216.0,52.0,47.0,389.0932692307692,21978.407142857144,3712.816691357541,13445.42857142857,21853.83285714286,10928.64760628225,12904.357142857143,23057.391666666663,10550.166327947598,13306.1,17230.6,14581.99,33408.64,0,0,7,30,3002.25,-8378.710000000003
2010-07-27,28265.86,14179.0,64.0,56.0,441.6540625,21929.02142857143,3610.778324795588,12882.42857142857,23329.306428571428,10229.619401947535,13509.214285714286,23585.786,10394.536453714389,13566.9,20232.85,28611.56,7609.23,1,0,7,30,8033.010000000002,5141.470000000001
2010-07-28,23252.72,13351.0,63.0,60.0,369.09079365079367,21947.35428571428,3618.1772550960777,13117.285714285714,23840.131428571425,10017.266589918125,13829.92857142857,23524.268666666663,10390.73715305019,13495.633333333331,28265.86,23124.39,16101.17,2,0,7,30,-5013.139999999999,4109.990000000002
2010-07-29,32801.91,12799.0,65.0,60.0,504.64476923076927,23898.66571428571,5193.736423606292,13152.142857142857,24938.902142857143,10102.075633547303,14114.0,24043.73733333333,10453.94401793061,13608.6,23252.72,19142.73,17419.12,3,0,7,30,9549.190000000002,11181.520000000004
2010-07-30,14363.69,8090.0,44.0,39.0,326.4475,22861.994285714285,6325.237759870741,12427.714285714286,24577.835,10400.486867187245,13830.785714285714,24110.140666666663,10383.334510738645,13661.533333333333,32801.91,21620.39,19418.63,4,0,7,30,-18438.22,-9522.640000000001
2010-07-31,0.0,0.0,0.0,0.0,0.0,22861.994285714285,6325.237759870741,12427.714285714286,24577.835,10400.486867187245,13830.785714285714,24110.140666666663,10383.334510738645,13661.533333333333,32801.91,21620.39,19418.63,5,1,7,30,-14363.69,0.0
2010-08-01,30637.95,9702.0,32.0,27.0,957.4359375,23826.51142857143,6987.559978231342,11981.142857142857,22777.90928571429,5687.03396974401,12547.142857142857,24507.841666666667,10397.725132256206,13623.233333333334,14363.69,23886.33,55836.91,6,1,8,30,30637.95,13407.350000000002
2010-08-02,26124.16,11762.0,57.0,49.0,458.31859649122805,25097.02,6369.586117768262,12014.142857142857,23134.08071428572,5732.377079773679,12384.5,23674.221,9112.600959332258,12888.366666666669,30637.95,17230.6,21137.76,0,0,8,31,-4513.790000000001,5891.310000000001
2010-08-03,22362.79,15479.0,50.0,47.0,447.2558,25401.297142857144,6145.425612007951,12194.57142857143,23689.852142857144,5191.073686556956,12820.0,23345.08333333333,8969.864259287526,12727.633333333331,26124.16,20232.85,14581.99,1,0,8,31,-3761.369999999999,-5903.07
2010-08-04,17555.5,10923.0,49.0,47.0,358.2755102040816,23871.24571428572,6627.731468888483,11729.42857142857,22900.13357142857,5225.603316829099,12305.92857142857,22880.552333333333,8893.969517818277,12416.6,22362.79,28265.86,28611.56,2,0,8,31,-4807.290000000001,-5697.220000000001
2010-08-05,23145.06,16453.0,51.0,48.0,453.824705882353,23855.86571428572,6629.530681777406,12172.57142857143,22901.61,5225.674471116308,12644.92857142857,22691.053666666667,8823.117414089555,12424.466666666667,17555.5,23252.72,23124.39,3,0,8,31,5589.560000000001,-9656.850000000002
2010-08-06,14728.15,9731.0,34.0,31.0,433.1808823529412,21273.9,6059.726609817694,11734.285714285714,22586.282857142854,5590.403800152565,12443.214285714286,22624.45433333333,8877.07058410627,12462.2,23145.06,32801.91,19142.73,4,0,8,31,-8416.910000000002,364.4599999999991
2010-08-07,0.0,0.0,0.0,0.0,0.0,21273.9,6059.726609817694,11734.285714285714,22586.282857142854,5590.403800152565,12443.214285714286,22624.45433333333,8877.07058410627,12462.2,23145.06,32801.91,19142.73,5,1,8,31,-14728.15,0.0
2010-08-08,13950.71,8116.0,43.0,41.0,324.43511627906975,21214.902857142857,6139.699563854065,11738.0,22038.448571428573,6049.300317639853,12082.857142857143,22743.60166666667,8729.773688881258,12556.0,14728.15,14363.69,21620.39,6,1,8,31,13950.71,-16687.24
2010-08-09,31336.59,100084.0,49.0,41.0,639.5222448979592,21314.70857142857,6321.398438419061,24649.714285714286,22570.61,6532.748706300949,18315.42857142857,22756.035666666667,8742.142170363408,15353.633333333331,13950.71,30637.95,23886.33,0,0,8,32,17385.88,5212.43
2010-08-10,28209.74,18426.0,39.0,33.0,723.3266666666667,21612.648571428574,6627.590398672831,25601.714285714286,23354.834285714285,6501.316113552228,18807.92857142857,23032.451,8780.30444096306,15596.233333333334,31336.59,26124.16,17230.6,1,0,8,32,-3126.8499999999985,5846.950000000001
2010-08-11,18629.86,7532.0,39.0,35.0,477.68871794871797,21079.37285714286,6706.879074780097,24466.42857142857,23240.335,6574.2358469006,18330.5,22823.348,8808.872790368388,15400.3,28209.74,22362.79,20232.85,2,0,8,32,-9579.880000000001,1074.3600000000006
2010-08-12,26031.28,17702.0,71.0,56.0,366.6377464788732,22290.198571428573,6729.714872710456,25434.85714285714,23080.722142857143,6469.123739186802,18582.14285714286,23025.27566666667,8810.723522873821,15600.466666666667,18629.86,17555.5,28265.86,3,0,8,32,7401.419999999998,2886.2199999999975
2010-08-13,15150.14,12562.0,40.0,34.0,378.7535,21148.067142857144,7220.950682427934,24879.0,22501.96642857143,6806.215715597025,18525.785714285717,22416.659,8698.647735534121,15585.066666666668,26031.28,23145.06,23252.72,4,0,8,32,-10881.14,421.9899999999998
2010-08-14,0.0,0.0,0.0,0.0,0.0,21148.067142857144,7220.950682427934,24879.0,22501.96642857143,6806.215715597025,18525.785714285717,22416.659,8698.647735534121,15585.066666666668,26031.28,23145.06,23252.72,5,1,8,32,-15150.14,0.0
2010-08-15,20484.46,16575.0,56.0,52.0,365.7939285714286,21970.397142857146,6675.130766071665,25856.714285714286,21622.14857142857,6135.419382094616,18795.5,22845.83333333333,8248.877502558527,15947.2,15150.14,14728.15,32801.91,6,1,8,32,20484.46,6533.75
2010-08-16,14270.74,10076.0,34.0,32.0,419.72764705882355,22016.11571428572,6611.844566114758,26136.714285714286,21615.509285714284,6143.922531523395,18937.35714285714,22784.819,8307.050352569182,15987.7,20484.46,13950.71,14363.69,0,0,8,33,-6213.719999999999,-17065.85
2010-08-17,28802.52,18060.0,44.0,40.0,654.6027272727273,21654.105714285717,6063.07973085966,14419.0,21484.407142857144,5953.210192260746,19534.35714285714,23164.265666666663,8313.487354117218,16295.633333333331,14270.74,31336.59,30637.95,1,0,8,33,14531.78,592.7799999999988
2010-08-18,35122.520000000004,22420.0,55.0,47.0,638.5912727272728,22641.64571428572,7661.166258681591,14989.57142857143,22127.147142857146,6902.711064582823,20295.64285714286,23687.728666666662,8560.24843018317,16641.133333333335,28802.52,28209.74,26124.16,2,0,8,33,6320.000000000004,16492.660000000003
2010-08-19,30663.35,22152.0,67.0,55.0,457.66194029850743,24360.71571428571,7955.372545590056,17078.14285714286,22720.044285714284,7271.156472870366,20772.285714285717,22848.61,6211.845111218215,16457.1,35122.520000000004,18629.86,22362.79,3,0,8,33,-4459.1700000000055,4632.07
2010-08-20,23250.77,18521.0,56.0,49.0,415.19232142857146,23963.5,7927.425456655695,17195.14285714286,23126.84928571429,7117.684377557774,21315.0,22919.043666666665,6203.751559056271,16606.5,30663.35,26031.28,17555.5,4,0,8,33,-7412.579999999998,8100.630000000001
2010-08-21,0.0,0.0,0.0,0.0,0.0,23963.5,7927.425456655695,17195.14285714286,23126.84928571429,7117.684377557774,21315.0,22919.043666666665,6203.751559056271,16606.5,30663.35,26031.28,17555.5,5,1,8,33,-23250.77,0.0
2010-08-22,22677.01,13884.0,60.0,51.0,377.95016666666663,25038.76714285714,6987.4982678106335,17384.0,23093.417142857143,7118.691417773584,21131.5,23188.877666666664,6001.371319199901,16756.566666666666,23250.77,15150.14,23145.06,6,1,8,33,22677.01,2192.5499999999993
2010-08-23,20655.35,12896.0,44.0,37.0,469.43977272727267,25063.18,6969.209097159648,16858.428571428572,23516.78857142857,6749.598548800275,21357.571428571428,22923.670666666665,5928.83226794279,16582.433333333334,22677.01,20484.46,14728.15,0,0,8,34,-2021.6599999999999,6384.609999999999
2010-08-24,26577.16,18872.0,60.0,53.0,442.9526666666667,26821.24,5092.465057664398,18115.0,24418.67785714285,6193.733815372983,22125.85714285714,23038.763,5966.258050076086,16821.266666666666,20655.35,14270.74,13950.71,1,0,8,34,5921.810000000001,-2225.3600000000006
2010-08-25,30466.76,17238.0,69.0,62.0,441.5472463768116,27058.988571428574,5237.172855824074,17997.571428571428,24356.547142857144,6122.958984996124,16208.285714285714,23416.230666666663,6068.608968591453,16977.366666666665,26577.16,28802.52,31336.59,2,0,8,34,3889.5999999999985,-4655.760000000006
2010-08-26,31964.34,16961.0,70.0,64.0,456.63342857142857,26607.820000000003,4512.666231656496,17217.714285714286,24624.73285714286,6381.479418510086,16103.642857142857,23761.029,6254.077242090164,17104.033333333333,30466.76,35122.520000000004,28209.74,3,0,8,34,1497.5800000000017,1300.9900000000016
2010-08-27,12166.64,6611.0,31.0,29.0,392.4722580645161,23965.432857142856,6650.937610998159,14997.57142857143,24163.074285714283,7047.55500727374,16037.857142857143,23370.37266666667,6602.3161222626495,16896.8,31964.34,30663.35,18629.86,4,0,8,34,-19797.7,-11084.130000000001
2010-08-28,0.0,0.0,0.0,0.0,0.0,23965.432857142856,6650.937610998159,14997.57142857143,24163.074285714283,7047.55500727374,16037.857142857143,23370.37266666667,6602.3161222626495,16896.8,31964.34,30663.35,18629.86,5,1,8,34,-12166.64,0.0
2010-08-29,14449.3,8766.0,39.0,36.0,370.49487179487176,22708.08,7576.16123922263,13604.0,23335.79,7478.019270751996,15399.57142857143,23277.662666666667,6710.15093610237,16804.633333333335,12166.64,23250.77,26031.28,6,1,8,34,14449.3,-8227.71
2010-08-30,0.0,0.0,0.0,0.0,0.0,22708.08,7576.16123922263,13604.0,23335.79,7478.019270751996,15399.57142857143,23277.662666666667,6710.15093610237,16804.633333333335,12166.64,23250.77,26031.28,0,0,8,35,-14449.3,-20655.35
2010-08-31,22811.75,11038.0,54.0,48.0,422.43981481481484,22727.32857142857,7576.240308883226,13197.42857142857,23883.047857142858,7103.882548983783,15290.714285714286,23363.626,6686.275550993329,16698.7,14449.3,22677.01,15150.14,1,0,8,35,22811.75,-3765.41
2010-09-01,20351.36,11835.0,37.0,35.0,550.0367567567567,22683.90142857143,7590.953314554568,13045.857142857143,23873.540714285715,7108.868073933535,14952.142857142857,23099.80933333333,6642.174583741616,16620.566666666666,22811.75,20655.35,20484.46,2,0,9,35,-2460.3899999999994,-10115.399999999998
2010-09-02,33430.57,21102.0,87.0,77.0,384.2594252873563,23662.96,8557.248064444126,13364.42857142857,25242.1,6960.712456650461,15739.714285714286,23439.071,6904.981442088655,16878.933333333334,20351.36,26577.16,14270.74,3,0,9,35,13079.21,1466.2299999999996
2010-09-03,34739.16,30598.0,54.0,49.0,643.3177777777778,24273.30285714285,9247.899309174123,15273.0,25666.14571428572,7363.474744523906,16635.285714285714,23503.646,7003.911350837505,17472.233333333334,33430.57,30466.76,28802.52,4,0,9,35,1308.5900000000038,22572.520000000004
2010-09-04,0.0,0.0,0.0,0.0,0.0,24273.30285714285,9247.899309174123,15273.0,25666.14571428572,7363.474744523906,16635.285714285714,23503.646,7003.911350837505,17472.233333333334,33430.57,30466.76,28802.52,5,1,9,35,-34739.16,0.0
2010-09-05,12286.71,7222.0,35.0,35.0,351.0488571428571,21462.21285714285,9507.47615361317,13881.714285714286,24035.016428571427,7631.957159104672,15549.714285714286,23434.41333333333,7106.88232432786,17443.3,34739.16,31964.34,35122.520000000004,6,1,9,35,12286.71,-2162.59
2010-09-06,23717.79,14951.0,49.0,41.0,484.0365306122449,23112.377142857145,8582.649893682204,15073.142857142857,23538.905,7389.847848950751,15035.357142857143,23203.74133333333,6976.113406285049,17618.266666666666,12286.71,12166.64,30663.35,0,0,9,36,11431.080000000002,23717.79
2010-09-07,24397.45,14936.0,49.0,45.0,497.90714285714284,24533.541428571425,7685.872606729854,15954.57142857143,23620.81071428571,7392.762698397823,14779.285714285714,23146.18433333333,6958.287790799122,17724.066666666666,23717.79,14449.3,23250.77,1,0,9,36,679.6599999999999,1585.7000000000007
2010-09-08,16175.22,9924.0,48.0,45.0,336.98375,23585.46571428571,8317.05942446976,15795.42857142857,23156.397142857146,7656.142661411377,14496.42857142857,22939.932,7073.066292860748,17538.9,24397.45,22811.75,22677.01,2,0,9,36,-8222.230000000001,-4176.140000000001
2010-09-09,23526.38,12862.0,63.0,59.0,373.4346031746032,24039.04,8196.999539900728,15942.142857142857,23361.470714285715,7622.37417083362,14494.0,23138.961333333333,6999.958546037722,17603.533333333333,16175.22,20351.36,20655.35,3,0,9,36,7351.160000000002,-9904.189999999999
2010-09-10,15988.35,9905.0,43.0,38.0,371.82209302325583,21547.294285714284,7486.610331622796,14342.57142857143,22605.12714285714,7801.9776443347155,13853.5,22900.40433333333,7120.652555625978,17385.266666666666,23526.38,33430.57,26577.16,4,0,9,36,-7538.030000000001,-18750.810000000005
2010-09-11,0.0,0.0,0.0,0.0,0.0,21547.294285714284,7486.610331622796,14342.57142857143,22605.12714285714,7801.9776443347155,13853.5,22900.40433333333,7120.652555625978,17385.266666666666,23526.38,33430.57,26577.16,5,1,9,36,-15988.35,0.0
2010-09-12,15528.75,9278.0,48.0,46.0,323.515625,18802.95,4929.056382496811,11296.857142857143,21538.126428571424,7664.363549584125,13284.92857142857,22927.091000000004,7090.404572612672,17370.166666666668,15988.35,34739.16,30466.76,6,1,9,36,15528.75,3242.040000000001
2010-09-13,32892.16,27446.0,66.0,52.0,498.36606060606067,21746.58571428572,6339.861947610629,14186.0,21604.399285714288,7764.805964608669,14033.857142857143,23558.472666666665,7106.842679209533,18014.5,15528.75,12286.71,31964.34,0,0,9,37,17363.410000000003,9174.370000000003
2010-09-14,19705.02,11071.0,62.0,56.0,317.82290322580644,21173.332857142854,6313.281099538479,13631.714285714286,22142.855,7307.930409086932,14352.42857142857,23170.753666666667,6984.093702856958,15047.4,32892.16,23717.79,12166.64,1,0,9,37,-13187.140000000003,-4692.43
2010-09-15,33812.4,21295.0,65.0,61.0,520.1907692307692,22518.325714285715,7914.471511532609,14540.142857142857,23525.933571428573,7567.556319910972,15247.357142857143,23357.509,7195.200285819547,15143.033333333333,19705.02,24397.45,14449.3,2,0,9,37,14107.380000000001,17637.18
2010-09-16,27099.271,14409.0,65.0,51.0,416.91186153846155,24078.90442857143,7522.581383019397,15180.857142857143,23832.18507142857,7622.98364251425,15488.142857142857,23639.8227,7169.41635310253,15372.266666666666,33812.4,16175.22,22811.75,3,0,9,37,-6713.129000000001,3572.8909999999996
2010-09-17,19486.54,11401.0,45.0,41.0,433.03422222222224,23501.784428571427,7724.295429840619,14972.142857142857,23770.41221428572,7656.789347667202,15457.142857142857,23421.6647,7193.671299660848,15162.233333333334,27099.271,23526.38,20351.36,4,0,9,37,-7612.731,3498.1900000000005
2010-09-18,0.0,0.0,0.0,0.0,0.0,23501.784428571427,7724.295429840619,14972.142857142857,23770.41221428572,7656.789347667202,15457.142857142857,23421.6647,7193.671299660848,15162.233333333334,27099.271,23526.38,20351.36,5,1,9,37,-19486.54,0.0
2010-09-19,22783.53,13649.0,57.0,54.0,399.7110526315789,24472.524428571425,7017.315236889155,15507.0,23009.90935714286,7134.432672226953,14924.785714285714,23676.11103333333,7024.01079842562,15198.466666666667,19486.54,15988.35,33430.57,6,1,9,37,22783.53,7254.779999999999
2010-09-20,38563.96,24263.0,72.0,59.0,535.6105555555555,27763.268714285718,7508.115038189086,17647.714285714286,23283.109357142854,7671.174414183029,14472.285714285714,24278.76103333333,7500.185981731504,15454.733333333334,22783.53,15528.75,34739.16,0,0,9,38,15780.43,5671.799999999996
2010-09-21,54698.89,35197.0,100.0,76.0,546.9889,30878.51585714286,12711.671562382337,18755.0,26312.550785714287,10750.868226180006,16470.5,25626.366033333336,9101.105441232514,16292.1,38563.96,32892.16,12286.71,1,0,9,38,16134.93,34993.869999999995
2010-09-22,27208.8,14065.0,70.0,39.0,388.69714285714286,31950.484428571428,11903.049692795412,19182.714285714286,26561.90864285714,10726.513331866014,16407.214285714286,25573.242033333336,9086.566374330196,16158.933333333332,54698.89,19705.02,23717.79,2,0,9,38,-27490.09,-6603.600000000002
2010-09-23,34305.1,20697.0,81.0,72.0,423.5197530864197,32020.870142857144,11917.342809169604,19097.285714285717,27269.59792857143,10898.18524338298,16818.714285714286,25545.9947,9058.12519067502,16101.5,27208.8,33812.4,24397.45,3,0,9,38,7096.299999999999,7205.828999999998
2010-09-24,47106.39,27622.0,55.0,45.0,856.4798181818181,34879.03,12899.00244619714,20984.85714285714,29478.967214285716,11589.419783319903,18082.85714285714,26094.09603333333,9842.010929938904,16283.833333333334,34305.1,27099.271,16175.22,4,0,9,38,12801.29,27619.85
2010-09-25,0.0,0.0,0.0,0.0,0.0,34879.03,12899.00244619714,20984.85714285714,29478.967214285716,11589.419783319903,18082.85714285714,26094.09603333333,9842.010929938904,16283.833333333334,34305.1,27099.271,16175.22,5,1,9,38,-47106.39,0.0
2010-09-26,21703.9,13359.0,63.0,51.0,344.5063492063492,35195.79571428571,12478.371308885964,21264.571428571428,29348.79007142857,11671.370601359937,18118.35714285714,26042.533700000004,9861.45361261466,16111.766666666666,47106.39,19486.54,23526.38,6,1,9,38,21703.9,-1079.6299999999974
2010-09-27,115172.24,124721.0,90.0,69.0,1279.6915555555556,48394.18285714286,31509.37384691881,37132.0,36433.353642857146,25199.75612986234,26319.5,29125.708033333336,18998.909795869506,19806.33333333333,21703.9,22783.53,15988.35,0,0,9,39,93468.34,76608.28
2010-09-28,40015.41,22204.0,109.0,91.0,367.1138532110092,48601.53285714286,31438.600044007333,36837.857142857145,38182.400785714286,24476.614535619075,27242.785714285717,29771.043366666665,19030.05204339244,20116.6,115172.24,38563.96,15528.75,1,0,9,39,-75156.83,-14683.479999999996
2010-09-29,36740.03,20250.0,95.0,83.0,386.7371578947368,46035.98142857143,31590.49578416556,34702.57142857143,38457.24864285714,24434.208012722986,26728.785714285717,30109.8057,19061.66637850161,20162.533333333333,40015.41,54698.89,32892.16,2,0,9,39,-3275.3800000000047,9531.23
2010-09-30,37578.57,22891.0,81.0,74.0,463.93296296296296,47517.37714285714,30793.55954856997,35963.42857142857,39733.93078571429,23838.7272677274,27573.071428571428,30346.866033333336,19110.41936815975,20350.966666666667,36740.03,27208.8,19705.02,3,0,9,39,838.5400000000009,3273.470000000001
2010-10-01,34550.89,21567.0,64.0,55.0,539.85765625,47552.49,30776.118309399702,36087.71428571428,39786.68007142858,23825.42978998309,27592.5,30433.08436666667,19123.79841781412,20504.5,37578.57,34305.1,33812.4,4,0,10,39,-3027.6800000000003,-12555.5
2010-10-02,0.0,0.0,0.0,0.0,0.0,47552.49,30776.118309399702,36087.71428571428,39786.68007142858,23825.42978998309,27592.5,30433.08436666667,19123.79841781412,20504.5,37578.57,34305.1,33812.4,5,1,10,39,-34550.89,0.0
2010-10-03,38335.52,20272.0,75.0,64.0,511.1402666666666,46299.50857142858,30975.20659794833,35037.71428571428,40589.26928571429,23552.8567353665,28011.285714285717,31305.380366666664,18856.837049307986,20959.866666666665,34550.89,47106.39,27099.271,6,1,10,39,38335.52,16631.619999999995
2010-10-04,34956.56,22556.0,76.0,72.0,459.9547368421052,48192.74571428572,29595.632098489856,36351.57142857143,41694.27071428572,22838.71480546252,28808.071428571428,31988.9557,18594.5989673286,21419.533333333333,38335.52,21703.9,19486.54,0,0,10,40,-3378.959999999999,-80215.68000000001
2010-10-05,55108.91,34051.0,116.0,101.0,475.0768103448276,39612.27,7090.103021440092,23398.714285714286,44003.22642857144,22409.79899591268,30265.35714285714,33065.5277,18975.98770874974,22186.63333333333,34956.56,115172.24,22783.53,1,0,10,40,20152.350000000006,15093.5
2010-10-06,30355.01,21523.0,59.0,58.0,514.4916949152542,38232.212857142855,7893.2439671842785,23301.42857142857,43416.87285714287,22668.96052846386,30069.64285714286,33398.9827,18832.2140135786,22509.566666666666,55108.91,40015.41,38563.96,2,0,10,40,-24753.900000000005,-6385.02
2010-10-07,47610.92,28267.0,112.0,92.0,425.09749999999997,39785.19714285714,8589.441373022522,24446.714285714286,42910.58928571428,22475.93692167537,29574.64285714286,33871.66103333333,19010.15307199621,22748.4,30355.01,36740.03,54698.89,3,0,10,40,17255.91,10032.349999999999
2010-10-08,51836.73,39626.0,65.0,58.0,797.4881538461539,41822.07714285714,9609.015718948072,26837.42857142857,44669.72714285714,22113.320913778647,31400.42857142857,34441.58003333333,19291.268878490417,23049.33333333333,47610.92,37578.57,27208.8,4,0,10,40,4225.810000000005,17285.840000000004
2010-10-09,0.0,0.0,0.0,0.0,0.0,41822.07714285714,9609.015718948072,26837.42857142857,44669.72714285714,22113.320913778647,31400.42857142857,34441.58003333333,19291.268878490417,23049.33333333333,47610.92,37578.57,27208.8,5,1,10,40,-51836.73,0.0
2010-10-10,23139.31,12412.0,67.0,59.0,345.36283582089555,40191.85142857144,11772.646778394748,25529.571428571428,43872.17071428571,22709.22300402549,30808.64285714286,34803.333366666666,18960.408542458743,23222.33333333333,51836.73,34550.89,34305.1,6,1,10,40,23139.31,-15196.209999999995
2010-10-11,39962.9,23986.0,85.0,78.0,470.1517647058824,40424.33428571428,11745.916932030574,26060.14285714286,43361.92142857143,22711.216790328293,30548.92857142857,35344.83703333334,18864.627307696614,23523.5,23139.31,38335.52,47106.39,0,0,10,41,16823.59,5006.340000000004
2010-10-12,46566.35,28703.0,104.0,94.0,447.7533653846154,42082.875714285714,11664.5607943318,26938.285714285717,45137.81071428571,21842.860648385227,31644.92857142857,36083.80036666666,18855.206732152103,23982.4,39962.9,34956.56,21703.9,1,0,10,41,6603.449999999997,-8542.560000000005
2010-10-13,51564.7,39725.0,81.0,74.0,636.6012345679012,41576.560000000005,11066.502040714307,27748.85714285714,40594.41499999999,8986.856611591367,25573.785714285717,37263.449700000005,18672.86922821444,24975.766666666663,46566.35,55108.91,115172.24,2,0,10,41,4998.3499999999985,21209.69
2010-10-14,86945.13,37066.0,96.0,81.0,905.6784375000001,49660.86285714286,19190.696943845596,29969.285714285717,43946.53785714285,15293.704184741233,26635.35714285714,39377.40803333333,20558.66541827993,25782.566666666666,51564.7,30355.01,40015.41,3,0,10,41,35380.43000000001,39334.21000000001
2010-10-15,42398.82,20610.0,95.0,80.0,446.30336842105265,48916.27714285714,19383.632445455743,28875.42857142857,44350.73714285715,15162.80985774856,26661.071428571428,40257.757033333335,20082.530968888197,26139.4,86945.13,47610.92,36740.03,4,0,10,41,-44546.310000000005,-9437.910000000003
2010-10-16,0.0,0.0,0.0,0.0,0.0,48916.27714285714,19383.632445455743,28875.42857142857,44350.73714285715,15162.80985774856,26661.071428571428,40257.757033333335,20082.530968888197,26139.4,86945.13,47610.92,36740.03,5,1,10,41,-42398.82,0.0
2010-10-17,31176.14,18342.0,70.0,62.0,445.3734285714286,45964.764285714286,20410.596368139173,25834.85714285714,43893.42071428571,15476.086420949548,26336.14285714286,40779.3367,19615.9014243453,26441.533333333333,42398.82,51836.73,37578.57,6,1,10,41,31176.14,8036.829999999998
2010-10-18,36591.44,18509.0,97.0,90.0,377.23134020618556,47886.49714285714,18441.624608544967,26705.85714285714,44039.17428571428,15390.703704027954,26117.714285714286,40902.64603333334,19576.198460447125,26143.63333333333,31176.14,23139.31,34550.89,0,0,10,42,5415.300000000003,-3371.459999999999
2010-10-19,46577.64,26330.0,73.0,65.0,638.0498630136987,48831.46,18134.865779042888,27040.714285714286,44627.897142857146,15313.188629673945,26550.42857142857,41798.40003333333,19183.680015287,26652.266666666663,36591.44,39962.9,38335.52,1,0,10,42,9986.199999999997,11.290000000000873
2010-10-20,43387.26,23589.0,103.0,89.0,421.23553398058255,48377.30428571429,18240.545173603303,26310.14285714286,45230.09,15067.40294393163,26624.214285714286,42117.562033333335,19125.79602754704,26728.733333333334,46577.64,46566.35,34956.56,2,0,10,42,-3190.3799999999974,-8177.439999999995
2010-10-21,32847.8,15231.0,89.0,76.0,369.0764044943821,45703.46142857143,19049.343347953363,22811.0,43640.01071428571,15119.21675916012,25279.92857142857,42309.17966666667,18998.515404797297,26756.13333333333,43387.26,51564.7,55108.91,3,0,10,42,-10539.46,-54097.33
2010-10-22,32843.94,21524.0,77.0,68.0,426.5446753246754,37974.72000000001,6104.954931004858,20590.714285714286,43817.79142857143,14964.832404089071,25280.0,42754.42633333334,18597.492028516102,27093.566666666666,32847.8,86945.13,30355.01,4,0,10,42,-3.860000000000582,-9554.879999999997
2010-10-23,0.0,0.0,0.0,0.0,0.0,37974.72000000001,6104.954931004858,20590.714285714286,43817.79142857143,14964.832404089071,25280.0,42754.42633333334,18597.492028516102,27093.566666666666,32847.8,86945.13,30355.01,5,1,10,42,-32843.94,0.0
2010-10-24,28634.59,15444.0,82.0,74.0,349.2023170731707,36008.40142857143,6636.054987642491,19852.714285714286,42462.33928571428,15446.485758084733,24364.071428571428,42949.46166666667,18410.572765497625,27153.4,32843.94,42398.82,47610.92,6,1,10,42,28634.59,-2541.5499999999993
2010-10-25,27945.06,14106.0,69.0,63.0,405.0008695652174,35546.81857142857,7122.717975320104,19247.571428571428,40755.79142857144,15649.57828855404,22541.214285714286,42595.49833333333,18598.91287175493,26814.83333333333,28634.59,31176.14,51836.73,0,0,10,43,-689.5299999999988,-8646.380000000001
2010-10-26,42545.95,25020.0,98.0,85.0,434.14234693877546,36397.46285714286,7607.344094747586,20177.714285714286,42141.98,14805.882134461588,23441.785714285717,42190.40033333333,18458.01804453152,26475.6,27945.06,36591.44,23139.31,1,0,10,43,14600.889999999996,-4031.6900000000023
2010-10-27,30480.55,15563.0,70.0,66.0,435.43642857142856,34097.87857142857,6345.435904972545,18639.571428571428,41464.66928571429,15126.649834700263,22840.14285714286,42299.458666666666,18375.930573212765,26525.533333333333,42545.95,46577.64,39962.9,2,0,10,43,-12065.399999999998,-12906.710000000003
2010-10-28,30701.3,13564.0,57.0,52.0,538.619298245614,32285.59857142857,4896.273549382364,17207.428571428572,40331.45142857143,15308.23401407774,21758.785714285717,42179.332,18441.654976596597,26287.766666666663,30480.55,43387.26,46566.35,3,0,10,43,220.75,-2146.5000000000036
2010-10-29,36100.95,22499.0,71.0,62.0,508.46408450704223,32750.334285714285,5108.325705985181,18245.714285714286,39226.89785714285,14989.937909160755,20528.35714285714,41812.484,18449.724802684083,26117.0,30701.3,32847.8,51564.7,4,0,10,43,5399.649999999998,3257.0099999999948
2010-10-30,0.0,0.0,0.0,0.0,0.0,32750.334285714285,5108.325705985181,18245.714285714286,39226.89785714285,14989.937909160755,20528.35714285714,41812.484,18449.724802684083,26117.0,30701.3,32847.8,51564.7,5,1,10,43,-36100.95,0.0
2010-10-31,29947.64,16347.0,82.0,79.0,365.2151219512195,32336.57714285714,5215.648210388065,17506.14285714286,35155.648571428566,6189.948787262785,19048.42857142857,42087.27533333333,18199.594612671182,26216.6,36100.95,32843.94,86945.13,6,1,10,43,29947.64,1313.0499999999993
2010-11-01,20730.24,12325.0,52.0,47.0,398.65846153846155,31207.384285714284,6773.658969795839,17060.571428571428,33607.892857142855,6907.032477842827,18456.64285714286,38939.208666666666,12349.693928455708,22470.066666666666,29947.64,28634.59,42398.82,0,0,11,44,-9217.399999999998,-7214.82
2010-11-02,42866.91,23626.0,86.0,79.0,498.45244186046517,33339.077142857146,7839.93743715626,18420.571428571428,34442.947857142855,7286.688653876025,18834.071428571428,39034.25866666667,12369.220499299638,22517.466666666667,20730.24,27945.06,31176.14,1,0,11,44,22136.670000000002,320.9600000000064
2010-11-03,42870.87,23025.0,86.0,75.0,498.49848837209305,33385.49428571428,7904.230929455589,18135.571428571428,34891.478571428575,7614.980912829093,19156.64285714286,39238.62,12380.649601028254,22609.966666666667,42866.91,42545.95,36591.44,2,0,11,44,3.959999999999127,12390.320000000003
2010-11-04,83876.12,58902.0,126.0,104.0,665.683492063492,41013.43285714286,20446.791334614285,24326.85714285714,37555.65571428571,14980.50557585665,21483.214285714286,40781.871666666666,14813.130150492192,23810.33333333333,42870.87,30480.55,46577.64,3,0,11,44,41005.24999999999,53174.81999999999
2010-11-05,40907.93,19838.0,65.0,57.0,629.3527692307692,42471.52285714286,19946.6643700158,25223.14285714286,37378.56071428571,14920.799041303924,21215.285714285717,40993.77300000001,14766.317232516638,23752.7,83876.12,30701.3,43387.26,4,0,11,44,-42968.189999999995,4806.980000000003
2010-11-06,0.0,0.0,0.0,0.0,0.0,42471.52285714286,19946.6643700158,25223.14285714286,37378.56071428571,14920.799041303924,21215.285714285717,40993.77300000001,14766.317232516638,23752.7,83876.12,30701.3,43387.26,5,1,11,44,-40907.93,0.0
2010-11-07,31345.79,18341.0,81.0,75.0,386.98506172839507,41792.21428571428,20278.001335906585,24629.14285714286,37271.27428571428,14961.228242861973,21437.42857142857,40760.782,14864.524229488034,23688.33333333333,40907.93,36100.95,32847.8,6,1,11,44,31345.79,1398.1500000000015
2010-11-08,32303.991,18193.0,76.0,67.0,425.05251315789474,42128.83585714285,20067.06784596546,24892.85714285714,37232.7065,14974.209486469848,21199.5,40672.363033333335,14908.06553292369,23542.9,31345.79,29947.64,32843.94,0,0,11,45,958.2010000000009,11573.751
2010-11-09,53013.21,32781.0,113.0,99.0,469.14345132743364,46740.68871428572,17924.883356200186,27815.14285714286,38974.0365,15311.12166840779,22437.85714285714,40602.50636666667,14842.85307758685,23500.566666666666,32303.991,20730.24,28634.59,1,0,11,45,20709.218999999997,10146.299999999996
2010-11-10,73575.93000000001,33426.0,127.0,100.0,579.3380314960631,51127.69157142856,20405.11420720914,29215.14285714286,42233.38435714285,17485.206143559342,23817.85714285714,42043.2037,15875.556527993784,23897.33333333333,53013.21,42866.91,27945.06,2,0,11,45,20562.72000000001,30705.060000000005
2010-11-11,59712.61,33217.0,119.0,99.0,501.7866386554622,53533.65442857143,20261.693068154706,30671.14285714286,43459.57435714285,18099.931333153578,24403.35714285714,42446.59336666667,16172.872470680806,24062.33333333333,73575.93000000001,42870.87,42545.95,3,0,11,45,-13863.320000000007,-24163.509999999995
2010-11-12,36167.25,20025.0,99.0,81.0,365.32575757575756,46718.101571428575,15911.116116898009,25117.285714285717,43865.76721428571,17848.315390856118,24722.071428571428,41924.27736666667,16112.068063970364,23408.966666666667,59712.61,83876.12,30480.55,4,0,11,45,-23545.36,-4740.68
2010-11-13,0.0,0.0,0.0,0.0,0.0,46718.101571428575,15911.116116898009,25117.285714285717,43865.76721428571,17848.315390856118,24722.071428571428,41924.27736666667,16112.068063970364,23408.966666666667,59712.61,83876.12,30480.55,5,1,11,45,-36167.25,0.0
2010-11-14,27934.71,16462.0,86.0,76.0,324.8222093023256,44864.78442857142,17387.715542515398,24635.0,43668.15364285715,18019.774140536643,24929.071428571428,42084.12403333334,15942.169031108744,23543.966666666667,36167.25,40907.93,30701.3,6,1,11,45,27934.71,-3411.0800000000017
2010-11-15,42964.04,21740.0,98.0,83.0,438.40857142857146,46524.53442857143,16409.15465682744,25120.571428571428,44158.37435714285,17890.969267192126,24874.85714285714,42184.16203333333,15937.814804725747,23469.1,27934.71,31345.79,36100.95,0,0,11,46,15029.330000000002,10660.048999999999
2010-11-16,63788.84,37378.0,106.0,95.0,601.7815094339622,51022.37,16174.985095184304,27861.285714285717,46575.60292857143,18108.086701823104,26377.071428571428,42758.24503333333,16404.45238309092,23758.266666666663,42964.04,32303.991,29947.64,1,0,11,46,20824.799999999996,10775.629999999997
2010-11-17,45726.741,27327.0,113.0,97.0,404.6614247787611,49981.44585714286,16259.74804067992,27082.14285714286,48361.067285714285,16527.003246633565,27448.64285714286,42563.6464,16330.84445951487,23345.0,63788.84,53013.21,20730.24,2,0,11,46,-18062.098999999995,-27849.189000000006
2010-11-18,37074.97,19353.0,96.0,91.0,386.1976041666667,44767.023,12947.473595456006,25071.714285714286,47947.35728571429,16746.15436049105,27143.42857142857,40901.307733333335,14034.07961537662,22754.566666666666,45726.741,73575.93000000001,42866.91,3,0,11,46,-8651.771,-22637.64
2010-11-19,39999.42,23892.0,100.0,90.0,399.9942,41950.853,11177.851674471578,23739.571428571428,47742.25371428571,16830.485059821942,27205.35714285714,40821.32773333333,14032.087960437108,22863.966666666667,37074.97,59712.61,42870.87,4,0,11,46,2924.449999999997,3832.1699999999983
2010-11-20,0.0,0.0,0.0,0.0,0.0,41950.853,11177.851674471578,23739.571428571428,47742.25371428571,16830.485059821942,27205.35714285714,40821.32773333333,14032.087960437108,22863.966666666667,37074.97,59712.61,42870.87,5,1,11,46,-39999.42,0.0
2010-11-21,32056.05,17985.0,96.0,89.0,333.9171875,41363.538714285714,11631.198738699104,23448.14285714286,44040.82014285715,13674.90712379086,24282.714285714286,40850.65806666667,14012.137500471534,22852.066666666666,39999.42,36167.25,83876.12,6,1,11,46,32056.05,4121.34
2010-11-22,31724.88,16898.0,89.0,80.0,356.4593258426966,41904.99157142857,10971.377970215564,23510.42857142857,43384.888,14051.783424360554,24072.714285714286,40688.4394,14091.094476152342,22798.366666666665,32056.05,27934.71,40907.93,0,0,11,47,-331.16999999999825,-11239.16
2010-11-23,49805.35,24919.0,128.0,112.0,389.104296875,42882.32157142857,11378.595912322458,23964.571428571428,44703.428,13696.79021821756,24542.571428571428,40796.02973333334,14149.811095761384,22751.33333333333,31724.88,42964.04,31345.79,1,0,11,47,18080.469999999998,-13983.489999999998
2010-11-24,41138.6,24336.0,117.0,104.0,351.6119658119658,39646.573,6702.017606754475,22101.42857142857,45334.4715,13278.709818677373,24981.35714285714,40721.074400000005,14141.56480435707,22776.233333333334,49805.35,63788.84,32303.991,2,0,11,47,-8666.75,-4588.141000000003
2010-11-25,67870.96,36908.0,146.0,133.0,464.86958904109594,42810.03285714285,12643.163309016376,23470.14285714286,46395.73935714286,14479.098952753324,25276.14285714286,41888.51306666667,14894.77141015416,23498.8,41138.6,45726.741,53013.21,3,0,11,47,26732.360000000008,30795.990000000005
2010-11-26,28828.04,14797.0,78.0,72.0,369.5902564102564,41631.90000000001,13613.636973203282,22819.285714285717,43199.4615,12866.804610933234,23945.5,41754.64973333334,14996.558591968687,23274.566666666666,67870.96,37074.97,73575.93000000001,4,0,11,47,-39042.920000000006,-11171.379999999997
2010-11-27,0.0,0.0,0.0,0.0,0.0,41631.90000000001,13613.636973203282,22819.285714285717,43199.4615,12866.804610933234,23945.5,41754.64973333334,14996.558591968687,23274.566666666666,67870.96,37074.97,73575.93000000001,5,1,11,47,-28828.04,0.0
2010-11-28,27125.16,16290.0,90.0,83.0,301.3906666666667,39792.72,14697.443671147968,21733.285714285717,40871.7865,12594.433124013489,22736.42857142857,41704.3354,15044.55036510294,23302.766666666663,28828.04,39999.42,59712.61,6,1,11,47,27125.16,-4930.889999999999
2010-11-29,63245.18,36434.0,98.0,89.0,645.3589795918367,44248.310000000005,16569.47466691589,24368.85714285714,42805.92435714286,13834.517360623671,23908.5,42881.00606666667,15309.417977821791,24047.033333333333,27125.16,32056.05,36167.25,0,0,11,48,36120.020000000004,31520.3
2010-11-30,49806.23,24650.0,116.0,101.0,429.36405172413794,46831.36,15677.12818657276,25476.285714285717,44368.17578571429,13248.520286288194,24493.35714285714,43123.0154,15361.235912703623,24034.7,63245.18,31724.88,27934.71,1,0,11,48,-13438.949999999997,0.8800000000046566
2010-12-01,46192.49,24114.0,121.0,95.0,381.75611570247935,46315.23714285715,15622.275484067335,25361.285714285717,44598.77935714286,13250.29694888734,24662.92857142857,43646.74673333334,15182.13605643922,24319.733333333334,49806.23,49805.35,42964.04,2,0,12,48,-3613.7400000000052,5053.889999999999
2010-12-02,47197.57,31077.0,137.0,99.0,344.5078102189781,47180.80428571429,15454.607951519272,26324.285714285717,43413.68864285714,12093.380024280515,24212.85714285714,44196.6224,14994.680963977364,24903.5,46192.49,41138.6,63788.84,3,0,12,48,1005.0800000000017,-20673.390000000007
2010-12-03,23876.63,11798.0,57.0,50.0,418.8882456140351,40895.90000000001,14557.76587772774,22737.14285714286,41852.966428571424,13136.83143197288,23103.64285714286,43789.14506666667,15383.325394215346,24546.8,47197.57,67870.96,45726.741,4,0,12,48,-23320.94,-4951.41
2010-12-04,0.0,0.0,0.0,0.0,0.0,40895.90000000001,14557.76587772774,22737.14285714286,41852.966428571424,13136.83143197288,23103.64285714286,43789.14506666667,15383.325394215346,24546.8,47197.57,67870.96,45726.741,5,1,12,48,-23876.63,0.0
2010-12-05,31361.28,16241.0,87.0,75.0,360.4744827586207,41257.79142857143,14235.69609483317,22943.42857142857,41444.84571428572,13383.131690351964,22881.35714285714,43836.2664,15341.57329110953,24543.266666666663,23876.63,28828.04,37074.97,6,1,12,48,31361.28,4236.119999999999
2010-12-06,31009.33,16115.0,94.0,82.0,329.88648936170216,41812.67285714286,13656.956082190907,22918.42857142857,40802.69642857144,13670.418745464513,22325.85714285714,44178.90273333333,14916.63282709493,24669.6,31361.28,27125.16,39999.42,0,0,12,49,-351.9499999999971,-32235.85
2010-12-07,53730.96,19404.0,71.0,65.0,756.7740845070423,40453.49857142857,11466.156137402008,20485.571428571428,42350.904285714285,13830.077151054453,22427.214285714286,44541.03773333333,15015.231729008892,24528.866666666665,31009.33,63245.18,32056.05,1,0,12,49,22721.629999999997,3924.729999999996
2010-12-08,39094.2,21497.0,111.0,99.0,352.2,38923.20857142856,10699.049914566329,20035.14285714286,42877.28428571428,13531.553182997988,22755.714285714286,44415.148733333335,15045.518833635797,24477.93333333333,53730.96,49806.23,31724.88,2,0,12,49,-14636.760000000002,-7098.290000000001
2010-12-09,38193.91,17383.0,98.0,90.0,389.7337755102041,37780.55428571429,10209.210111856322,19073.571428571428,42047.89571428572,13429.71336712492,22217.42857142857,42892.4084,13099.9274630935,23093.966666666667,39094.2,46192.49,49805.35,3,0,12,49,-900.2899999999936,-9003.659999999996
2010-12-10,33488.38,15927.0,72.0,53.0,465.1163888888889,35822.09857142857,9383.154767012804,16909.285714285714,41501.45142857143,13623.796167465354,21616.785714285717,42645.09006666666,13208.27521630348,22963.6,38193.91,47197.57,41138.6,4,0,12,49,-4705.530000000006,9611.749999999996
2010-12-11,0.0,0.0,0.0,0.0,0.0,35822.09857142857,9383.154767012804,16909.285714285714,41501.45142857143,13623.796167465354,21616.785714285717,42645.09006666666,13208.27521630348,22963.6,38193.91,47197.57,41138.6,5,1,12,49,-33488.38,0.0
2010-12-12,17102.35,10533.0,43.0,42.0,397.72906976744184,34854.34428571428,11026.033503895653,16728.571428571428,37875.12214285714,12796.523437575455,19732.85714285714,42170.30873333334,13867.964025520956,22703.33333333333,33488.38,23876.63,67870.96,6,1,12,49,17102.35,-14258.93
2010-12-13,27578.34,15309.0,64.0,59.0,430.9115625,34313.92428571429,11314.701740073817,16595.428571428572,37785.85785714286,12868.642958666958,19769.42857142857,42012.78703333333,14010.00786814803,22607.2,17102.35,31361.28,28828.04,0,0,12,50,10475.990000000002,-3430.9900000000016
2010-12-14,29235.13,17707.0,81.0,73.0,360.92753086419754,34060.467142857146,11420.442031298877,16822.85714285714,37936.57,12745.95592200793,19870.64285714286,41220.18436666667,14038.79101006139,22104.733333333334,27578.34,31009.33,27125.16,1,0,12,50,1656.7900000000009,-24495.829999999998
2010-12-15,30251.47,18388.0,70.0,66.0,432.1638571428572,30706.25428571428,7431.733085175772,16677.714285714286,35579.87642857143,10571.19110666896,18581.64285714286,39776.0357,12766.326120625434,21603.466666666667,29235.13,53730.96,63245.18,2,0,12,50,1016.3400000000001,-8842.729999999996
2010-12-16,48791.87,29711.0,113.0,98.0,431.78646017699117,32091.63571428572,9786.732774836702,17851.14285714286,35507.42214285714,10469.167926091848,18943.14285714286,39412.011033333336,12326.36122509483,21486.6,30251.47,39094.2,49806.23,3,0,12,50,18540.4,10597.96
2010-12-17,19966.36,11395.0,55.0,51.0,363.02472727272726,29487.7,10303.73736156616,16995.714285714286,33634.12714285714,10752.709358251152,18034.64285714286,38871.98136666666,12818.483636200224,21198.93333333333,48791.87,38193.91,46192.49,4,0,12,50,-28825.510000000002,-13522.019999999997
2010-12-18,0.0,0.0,0.0,0.0,0.0,29487.7,10303.73736156616,16995.714285714286,33634.12714285714,10752.709358251152,18034.64285714286,38871.98136666666,12818.483636200224,21198.93333333333,48791.87,38193.91,46192.49,5,1,12,50,-19966.36,0.0
2010-12-19,7292.95,3674.0,18.0,17.0,405.1638888888889,25745.495714285717,13010.091329328285,15245.285714285714,30783.79714285714,12086.926047679932,16077.285714285714,38183.9227,13931.483489663226,20772.666666666668,19966.36,33488.38,47197.57,6,1,12,50,7292.95,-9809.399999999998
2010-12-20,19599.06,13419.0,50.0,41.0,391.9812,26102.16857142857,12765.5725413257,15657.57142857143,30478.256428571425,12326.648967205852,16193.07142857143,37405.09003333333,14303.183784661242,20495.3,7292.95,17102.35,23876.63,0,0,12,51,12306.11,-7979.279999999999
2010-12-21,15929.16,11062.0,27.0,23.0,589.9688888888888,24438.0,13289.619231540626,15050.857142857143,29375.962142857144,12917.451851772046,15823.142857142857,35809.767366666674,13922.956237223678,19618.1,19599.06,27578.34,31361.28,1,0,12,51,-3669.9000000000015,-13305.970000000001
2010-12-22,4886.52,3074.0,14.0,13.0,349.0371428571429,20959.62714285714,14912.177606106305,12960.42857142857,27510.047142857144,14458.187069422716,14891.642857142857,34448.426666666666,14883.357991205758,18809.666666666668,15929.16,29235.13,31009.33,2,0,12,51,-11042.64,-25364.95
2010-12-23,5644.77,3220.0,17.0,15.0,332.0452941176471,17444.384285714284,15253.12112841051,10793.57142857143,24075.31928571428,13424.7198809988,13735.642857142857,33400.753333333334,15771.798634473758,18271.9,4886.52,30251.47,53730.96,3,0,12,51,758.25,-43147.100000000006
2010-12-24,0.0,0.0,0.0,0.0,0.0,17444.384285714284,15253.12112841051,10793.57142857143,24075.31928571428,13424.7198809988,13735.642857142857,33400.753333333334,15771.798634473758,18271.9,4886.52,30251.47,53730.96,4,0,12,51,-5644.77,-19966.36
2010-12-25,0.0,0.0,0.0,0.0,0.0,17444.384285714284,15253.12112841051,10793.57142857143,24075.31928571428,13424.7198809988,13735.642857142857,33400.753333333334,15771.798634473758,18271.9,4886.52,30251.47,53730.96,5,1,12,51,0.0,0.0
2010-12-26,0.0,0.0,0.0,0.0,0.0,17444.384285714284,15253.12112841051,10793.57142857143,24075.31928571428,13424.7198809988,13735.642857142857,33400.753333333334,15771.798634473758,18271.9,4886.52,30251.47,53730.96,6,1,12,51,0.0,-7292.95
2010-12-27,0.0,0.0,0.0,0.0,0.0,17444.384285714284,15253.12112841051,10793.57142857143,24075.31928571428,13424.7198809988,13735.642857142857,33400.753333333334,15771.798634473758,18271.9,4886.52,30251.47,53730.96,0,0,12,52,0.0,-19599.06
2010-12-28,0.0,0.0,0.0,0.0,0.0,17444.384285714284,15253.12112841051,10793.57142857143,24075.31928571428,13424.7198809988,13735.642857142857,33400.753333333334,15771.798634473758,18271.9,4886.52,30251.47,53730.96,1,0,12,52,0.0,-15929.16
2010-12-29,0.0,0.0,0.0,0.0,0.0,17444.384285714284,15253.12112841051,10793.57142857143,24075.31928571428,13424.7198809988,13735.642857142857,33400.753333333334,15771.798634473758,18271.9,4886.52,30251.47,53730.96,2,0,12,52,0.0,-4886.52
2010-12-30,0.0,0.0,0.0,0.0,0.0,17444.384285714284,15253.12112841051,10793.57142857143,24075.31928571428,13424.7198809988,13735.642857142857,33400.753333333334,15771.798634473758,18271.9,4886.52,30251.47,53730.96,3,0,12,52,0.0,-5644.77
2010-12-31,0.0,0.0,0.0,0.0,0.0,17444.384285714284,15253.12112841051,10793.57142857143,24075.31928571428,13424.7198809988,13735.642857142857,33400.753333333334,15771.798634473758,18271.9,4886.52,30251.47,53730.96,4,0,12,52,0.0,0.0
2011-01-01,0.0,0.0,0.0,0.0,0.0,17444.384285714284,15253.12112841051,10793.57142857143,24075.31928571428,13424.7198809988,13735.642857142857,33400.753333333334,15771.798634473758,18271.9,4886.52,30251.47,53730.96,5,1,1,52,0.0,0.0
2011-01-02,0.0,0.0,0.0,0.0,0.0,17444.384285714284,15253.12112841051,10793.57142857143,24075.31928571428,13424.7198809988,13735.642857142857,33400.753333333334,15771.798634473758,18271.9,4886.52,30251.47,53730.96,6,1,1,52,0.0,0.0
2011-01-03,0.0,0.0,0.0,0.0,0.0,17444.384285714284,15253.12112841051,10793.57142857143,24075.31928571428,13424.7198809988,13735.642857142857,33400.753333333334,15771.798634473758,18271.9,4886.52,30251.47,53730.96,0,0,1,1,0.0,0.0
2011-01-04,12105.11,6950.0,35.0,34.0,345.86028571428574,12203.418571428572,6448.709986117289,7542.0,22147.527142857147,13034.245212196543,12696.57142857143,32470.943000000003,16186.163672279532,17707.166666666668,5644.77,48791.87,39094.2,1,0,1,1,12105.11,12105.11
2011-01-05,28799.43,18369.0,48.0,45.0,599.988125,13465.285714285714,8694.187117652986,8538.285714285714,21476.492857142857,12369.464629662376,12767.0,32362.389000000003,16199.95667377036,17719.966666666667,12105.11,19966.36,38193.91,2,0,1,1,16694.32,28799.43
2011-01-06,34343.79,21534.0,46.0,45.0,746.6041304347826,17329.69142857143,11156.553606043197,11089.714285714286,21537.59357142857,12435.300728744043,13167.5,32449.686,16203.458762252514,17874.5,28799.43,7292.95,33488.38,3,0,1,1,5544.360000000001,34343.79
2011-01-07,23797.79,15122.0,47.0,45.0,506.33595744680855,17929.510000000002,11408.914054175702,11333.0,22015.839285714286,12380.23297798209,13495.285714285714,31582.767333333333,15936.403774027156,17547.933333333334,34343.79,19599.06,17102.35,4,0,1,1,-10546.0,23797.79
2011-01-08,0.0,0.0,0.0,0.0,0.0,17929.510000000002,11408.914054175702,11333.0,22015.839285714286,12380.23297798209,13495.285714285714,31582.767333333333,15936.403774027156,17547.933333333334,34343.79,19599.06,17102.35,5,1,1,1,-23797.79,0.0
2011-01-09,15590.68,8125.0,48.0,48.0,324.80583333333334,17881.155714285716,11419.517488793608,10913.42857142857,21159.577857142856,12380.471217675664,12982.142857142857,30731.17,16090.023007415237,17007.566666666666,23797.79,15929.16,27578.34,6,1,1,1,15590.68,15590.68
2011-01-10,15330.83,9380.0,34.0,32.0,450.9067647058823,19373.2,10037.36775678271,11814.285714285714,20166.41357142857,12239.719024629258,12387.357142857143,28979.83233333333,14708.157873809629,16089.966666666667,15590.68,4886.52,29235.13,0,0,1,2,-259.85000000000036,15330.83
2011-01-11,60243.73,26072.0,53.0,47.0,1136.6741509433964,27173.05142857143,16636.101130627998,15078.857142857143,22308.71785714286,16143.037949808488,12936.214285714286,30027.022,15776.540204220815,16465.8,15330.83,5644.77,30251.47,1,0,1,2,44912.9,48138.62
2011-01-12,17124.74,7883.0,42.0,42.0,407.7319047619048,27890.14142857143,15973.338944237115,15212.142857142857,20046.78,14254.977441268626,11377.07142857143,29693.674666666662,15944.72333866204,16185.566666666668,60243.73,12105.11,48791.87,2,0,1,2,-43118.990000000005,-11674.689999999999
2011-01-13,15159.46,8309.0,41.0,41.0,369.7429268292683,25941.574285714283,16661.084342077793,13775.0,19703.43,14314.828095786675,11156.642857142857,28090.81733333333,14833.85829429462,15248.066666666668,17124.74,28799.43,19966.36,3,0,1,2,-1965.2800000000025,-19184.33
2011-01-14,39509.7,21098.0,38.0,37.0,1039.728947368421,26679.56142857143,17200.943869698414,13712.714285714286,22004.62642857143,14749.22994547206,12401.214285714286,27747.599666666665,14427.649446559317,15129.666666666666,15159.46,34343.79,7292.95,4,0,1,2,24350.239999999998,15711.909999999996
2011-01-15,0.0,0.0,0.0,0.0,0.0,26679.56142857143,17200.943869698414,13712.714285714286,22004.62642857143,14749.22994547206,12401.214285714286,27747.599666666665,14427.649446559317,15129.666666666666,15159.46,34343.79,7292.95,5,1,1,2,-39509.7,0.0
2011-01-16,6976.39,4086.0,25.0,22.0,279.0556,24276.50428571429,18773.75114535087,12136.142857142857,21103.007142857143,15283.720573510416,11734.57142857143,26440.39633333333,14475.33067098796,14462.066666666668,39509.7,23797.79,19599.06,6,1,1,2,6976.39,-8614.29
2011-01-17,16527.05,8692.0,46.0,45.0,359.2836956521739,24410.271428571432,18704.75712695344,12217.142857142857,21145.713571428576,15268.979728062855,11565.285714285714,25418.04566666667,14035.151551736752,13715.9,6976.39,15590.68,15929.16,0,0,1,3,9550.66,1196.2199999999993
2011-01-18,87559.21,80605.0,32.0,31.0,2736.2253125,34728.61142857144,29606.538800924514,22392.14285714286,27050.90571428572,22683.500710064996,17103.214285714286,27540.798333333336,18038.794276222085,16009.466666666667,16527.05,15330.83,4886.52,1,0,1,3,71032.16,27315.480000000003
2011-01-19,21586.78,15869.0,33.0,33.0,654.1448484848485,29206.19,27590.727087083706,20934.571428571428,28189.620714285717,21913.319229868637,18006.714285714286,27214.98166666667,18055.67484428708,15997.066666666668,87559.21,60243.73,5644.77,2,0,1,3,-65972.43000000001,4462.039999999997
2011-01-20,15197.08,8171.0,34.0,30.0,446.9729411764706,28930.81,27740.620688328778,20975.714285714286,28410.47571428572,21753.74066501905,18093.92857142857,26687.906666666662,18171.513390300526,15732.266666666666,21586.78,17124.74,12105.11,3,0,1,3,-6389.699999999999,37.6200000000008
2011-01-21,24276.01,12694.0,34.0,32.0,714.0002941176471,30233.17428571429,27194.963474054588,21602.14285714286,28087.37428571429,21781.094529632,17688.571428571428,25706.075,17441.017624151915,15508.6,15197.08,15159.46,28799.43,4,0,1,3,9078.929999999998,-15233.689999999999
2011-01-22,0.0,0.0,0.0,0.0,0.0,30233.17428571429,27194.963474054588,21602.14285714286,28087.37428571429,21781.094529632,17688.571428571428,25706.075,17441.017624151915,15508.6,15197.08,15159.46,28799.43,5,1,1,3,-24276.01,0.0
2011-01-23,10306.1,5200.0,27.0,27.0,381.7074074074074,26061.231428571427,27768.671916294134,19331.0,26370.39642857143,22193.498393034155,16521.85714285714,24746.471666666668,17470.93740401768,14965.366666666669,24276.01,39509.7,34343.79,6,1,1,3,10306.1,3329.71
2011-01-24,17601.87,9587.0,44.0,43.0,400.04249999999996,27579.15714285714,26825.96930238667,20116.85714285714,25927.83071428572,22310.21579062053,16126.5,24060.070333333333,17328.323725576058,14705.5,10306.1,6976.39,23797.79,0,0,1,4,7295.769999999999,1074.8199999999997
2011-01-25,23994.38,14443.0,59.0,57.0,406.68440677966106,28645.91857142857,26459.18702871744,20938.42857142857,26528.095,22122.963318530423,16577.785714285714,23743.603666666662,17236.64905481671,14656.033333333333,17601.87,16527.05,15590.68,1,0,1,4,6392.510000000002,-63564.83
2011-01-26,17424.45,10418.0,53.0,49.0,328.7632075471698,18626.667142857143,5049.4079678241,10911.714285714286,26677.63928571429,22048.401473206268,16651.928571428572,23754.340333333337,17232.469396007884,14652.2,23994.38,87559.21,15330.83,2,0,1,4,-6569.93,-4162.329999999998
2011-01-27,22050.49,10902.0,50.0,50.0,441.00980000000004,18692.911428571428,5097.527205183181,10202.142857142857,23949.55071428572,19826.651877888427,15568.357142857143,23570.07866666667,17219.719654792483,14505.3,17424.45,21586.78,60243.73,3,0,1,4,4626.040000000001,6853.410000000002
2011-01-28,17247.2,9164.0,37.0,36.0,466.14054054054054,18985.785714285717,4918.968699036102,10344.0,23958.29785714286,19823.436039905744,15659.857142857143,23170.481000000003,17222.81890887351,14220.533333333333,22050.49,15197.08,17124.74,4,0,1,4,-4803.290000000001,-7028.809999999998
2011-01-29,0.0,0.0,0.0,0.0,0.0,18985.785714285717,4918.968699036102,10344.0,23958.29785714286,19823.436039905744,15659.857142857143,23170.481000000003,17222.81890887351,14220.533333333333,22050.49,15197.08,17124.74,5,1,1,4,-17247.2,0.0
2011-01-30,6542.61,3383.0,24.0,22.0,272.60875,16452.442857142858,6152.220263356872,9013.857142857143,23342.808571428573,20246.88973382289,15308.0,22380.185666666664,17429.412251179627,13720.366666666669,17247.2,24276.01,15159.46,6,1,1,4,6542.61,-3763.4900000000007
2011-01-31,18806.43,12417.0,57.0,50.0,329.9373684210526,17666.77571428571,5545.87504290023,10044.857142857143,21864.00357142857,19724.583106648974,14687.92857142857,21380.671,16707.39223589829,13143.9,6542.61,10306.1,39509.7,0,0,1,5,12263.82,1204.5600000000013
2011-02-01,26358.7,14995.0,58.0,57.0,454.4603448275862,18917.75142857143,6443.745460024212,10817.42857142857,23248.454285714284,19274.32873960984,15467.142857142857,21593.749,16729.48062192141,13263.9,18806.43,17601.87,6976.39,1,0,2,5,7552.27,2364.3199999999997
2011-02-02,17091.15,8908.0,56.0,55.0,305.19910714285714,17931.575714285715,6053.754354007407,10026.714285714286,23288.747142857144,19259.780971690303,15482.57142857143,21920.355666666663,16535.17725917014,13438.366666666669,26358.7,23994.38,16527.05,2,0,2,5,-9267.55,-333.2999999999993
2011-02-03,22171.9,15427.0,45.0,44.0,492.7088888888889,18609.782857142854,6250.214259388141,10742.285714285714,18618.225,5458.734655151378,10827.0,22006.117,16529.393602958084,13505.3,17091.15,17424.45,87559.21,3,0,2,5,5080.75,121.40999999999985
2011-02-04,18087.96,11254.0,45.0,41.0,401.95466666666664,18043.707142857143,6063.302334272323,10792.57142857143,18368.309285714287,5392.057153759389,10497.357142857143,22078.077,16506.70912106142,13511.7,22171.9,22050.49,21586.78,4,0,2,5,-4083.9400000000023,840.7599999999984
2011-02-05,0.0,0.0,0.0,0.0,0.0,18043.707142857143,6063.302334272323,10792.57142857143,18368.309285714287,5392.057153759389,10497.357142857143,22078.077,16506.70912106142,13511.7,22171.9,22050.49,21586.78,5,1,2,5,-18087.96,0.0
2011-02-06,3439.67,2036.0,11.0,11.0,312.6972727272727,16071.202857142856,8225.872560828562,9774.285714285714,17528.494285714285,6684.6504482775945,10059.142857142857,22029.84866666667,16560.695823360213,13477.1,18087.96,17247.2,15197.08,6,1,2,5,3439.67,-3102.9399999999996
2011-02-07,23382.97,8567.0,38.0,35.0,615.3413157894737,18476.96857142857,7395.311268318325,10514.857142857143,17464.705714285716,6619.250032073423,9764.357142857143,22621.122,16269.619189162406,13655.333333333334,3439.67,6542.61,24276.01,0,0,2,6,19943.300000000003,4576.540000000001
2011-02-08,14153.34,8664.0,38.0,37.0,372.4563157894737,17812.24142857143,7567.870203492923,9978.714285714286,17739.50857142857,6374.531038011167,10011.785714285714,22689.39633333333,16228.21269433862,13712.466666666667,23382.97,18806.43,10306.1,1,0,2,6,-9229.630000000001,-12205.36
2011-02-09,11910.83,6144.0,23.0,22.0,517.8621739130434,15748.26,6777.419910693778,8714.285714285714,17333.005714285715,6562.665516751981,9765.857142857143,22126.443000000003,16301.712642686516,13304.966666666667,14153.34,26358.7,17601.87,2,0,2,6,-2242.51,-5180.3200000000015
2011-02-10,14155.36,11767.0,40.0,39.0,353.884,15328.86142857143,6771.302614725083,9122.714285714286,16630.21857142857,6316.646572952974,9574.714285714286,21453.49533333333,16196.336385514358,12979.4,11910.83,17091.15,23994.38,3,0,2,6,2244.5300000000007,-8016.540000000001
2011-02-11,18579.96,9575.0,38.0,34.0,488.94631578947366,14815.727142857142,6284.936383474826,8286.714285714286,16712.755,6335.344247014641,9514.5,21279.567666666662,16198.309852127231,12794.5,14155.36,22171.9,17424.45,4,0,2,6,4424.5999999999985,492.0
2011-02-12,0.0,0.0,0.0,0.0,0.0,14815.727142857142,6284.936383474826,8286.714285714286,16712.755,6335.344247014641,9514.5,21279.567666666662,16198.309852127231,12794.5,14155.36,22171.9,17424.45,5,1,2,6,-18579.96,0.0
2011-02-13,5645.48,2723.0,20.0,20.0,282.274,13038.23,6931.474160253973,7068.0,15540.968571428572,6774.077401747057,8930.285714285714,20948.061,16419.013761473132,12614.433333333332,18579.96,18087.96,22050.49,6,1,2,6,5645.48,2205.8099999999995
2011-02-14,22999.39,12339.0,36.0,36.0,638.8719444444445,15832.475714285714,6333.899468928837,8539.857142857143,15951.839285714286,7054.180639807765,9157.07142857143,21203.679666666667,16388.211504910036,12713.066666666668,5645.48,3439.67,17247.2,0,0,2,7,17353.91,-383.58000000000175
2011-02-15,37750.62,22082.0,53.0,47.0,712.2758490566039,17884.99714285714,10284.412723166331,10470.57142857143,18180.98285714286,8611.19641690753,10492.714285714286,20453.909333333333,14995.90961625018,12580.066666666668,22999.39,23382.97,6542.61,1,0,2,7,14751.230000000003,23597.280000000002
2011-02-16,23413.97,15729.0,62.0,56.0,377.6446774193549,19207.94428571428,10319.946884441651,11479.857142857143,18510.09285714286,8724.244429778142,10729.285714285714,20663.550333333333,14991.72410960576,12841.6,37750.62,14153.34,18806.43,2,0,2,7,-14336.650000000001,11503.140000000001
2011-02-17,17659.64,12747.0,55.0,50.0,321.0843636363636,20029.202857142856,9861.000050371438,12423.142857142857,17888.731428571427,8426.9672752109,10568.714285714286,20746.889666666662,14967.000557705453,12989.533333333333,23413.97,11910.83,26358.7,3,0,2,7,-5754.330000000002,3504.279999999999
2011-02-18,14438.73,8610.0,35.0,34.0,412.53514285714283,20069.684285714287,9833.410883260714,11972.142857142857,17699.272857142856,8475.952213196573,10547.42857142857,19911.19066666667,14578.113149931298,12573.266666666666,17659.64,14155.36,17091.15,4,0,2,7,-3220.91,-4141.23
2011-02-19,0.0,0.0,0.0,0.0,0.0,20069.684285714287,9833.410883260714,11972.142857142857,17699.272857142856,8475.952213196573,10547.42857142857,19911.19066666667,14578.113149931298,12573.266666666666,17659.64,14155.36,17091.15,5,1,2,7,-14438.73,0.0
2011-02-20,9437.8,5218.0,26.0,26.0,362.9923076923077,18763.661428571428,10638.402391711958,11349.714285714286,16789.69428571429,8640.725720451568,9818.214285714286,19993.237666666668,14509.56996893328,12611.0,14438.73,18579.96,22171.9,6,1,2,7,9437.8,3792.3199999999997
2011-02-21,32724.38,20376.0,33.0,31.0,991.6478787878788,22632.075714285715,9975.93945554487,13871.57142857143,17835.152857142857,9637.805275592473,10469.785714285714,20533.148666666664,14676.53934985938,13000.466666666667,9437.8,5645.48,18087.96,0,0,2,8,23286.58,9724.990000000002
2011-02-22,29116.63,20921.0,50.0,47.0,582.3326000000001,23505.967142857146,10276.87476020436,15097.57142857143,19669.221428571436,9116.693358811535,11818.714285714286,18585.06266666667,7687.776893559323,11011.0,32724.38,22999.39,3439.67,1,0,2,8,-3607.75,-8633.990000000002
2011-02-23,19315.97,12139.0,53.0,49.0,364.4522641509434,20872.445714285717,8162.748967667912,13677.142857142857,19378.721428571436,9053.8332978221,12073.857142857143,18509.369,7668.357568234494,10886.666666666666,29116.63,37750.62,23382.97,2,0,2,8,-9800.66,-4098.0
2011-02-24,21463.94,11558.0,53.0,52.0,404.97999999999996,20593.87,8094.546652428104,13081.285714285714,19900.907142857144,8939.371430903479,12280.57142857143,18718.264333333336,7660.369666961349,10999.566666666668,19315.97,23413.97,14153.34,3,0,2,8,2147.9699999999975,3804.2999999999993
2011-02-25,18377.14,10038.0,45.0,42.0,408.3808888888889,20696.37,8055.647661734075,12694.285714285714,20362.786428571428,8657.387150015646,12558.714285714286,18521.63533333333,7588.159059842796,10911.033333333333,21463.94,17659.64,11910.83,4,0,2,8,-3086.7999999999993,3938.41
2011-02-26,0.0,0.0,0.0,0.0,0.0,20696.37,8055.647661734075,12694.285714285714,20362.786428571428,8657.387150015646,12558.714285714286,18521.63533333333,7588.159059842796,10911.033333333333,21463.94,17659.64,11910.83,5,1,2,8,-18377.14,0.0
2011-02-27,9382.71,4823.0,33.0,31.0,284.32454545454544,19974.08142857143,8893.346710351283,12153.285714285714,20021.882857142857,9007.507558993786,12062.714285714286,18490.855666666663,7624.41878713149,10898.466666666667,18377.14,14438.73,14155.36,6,1,2,8,9382.71,-55.090000000000146
2011-02-28,15026.68,8387.0,51.0,49.0,294.6407843137255,20772.492857142857,7995.321789975612,12606.0,19768.077142857142,9100.839220892229,11977.857142857143,18405.016000000003,7649.2286234674275,10858.466666666667,9382.71,9437.8,18579.96,0,0,2,9,5643.970000000001,-17697.7
2011-03-01,23621.59,11566.0,56.0,52.0,421.81410714285715,19472.094285714287,6284.683978973296,11347.42857142857,21052.085,8176.179818974875,12609.5,18392.58966666667,7640.13287356991,10762.566666666668,15026.68,32724.38,5645.48,1,0,3,9,8594.91,-5495.040000000001
2011-03-02,18666.14,8608.0,42.0,40.0,444.4319047619048,17979.16714285714,4637.064252353951,9588.42857142857,20742.567142857144,8178.8114245770275,12343.0,18433.979333333333,7638.070305325578,10702.233333333334,23621.59,29116.63,22999.39,2,0,3,9,-4955.450000000001,-649.8300000000017
2011-03-03,32818.19,19119.0,47.0,46.0,698.2593617021278,19908.05571428571,7318.691469014818,10585.57142857143,20390.250714285718,7464.879108810906,12131.357142857143,18792.902666666665,8055.465075741832,10976.133333333331,18666.14,19315.97,37750.62,3,0,3,9,14152.050000000003,11354.250000000004
2011-03-04,17302.55,12930.0,45.0,38.0,384.5011111111111,19313.571428571428,7340.225610368935,10781.57142857143,19953.720714285715,7453.13904249901,11931.42857142857,18794.74766666667,8055.105175419316,11101.666666666666,32818.19,21463.94,23413.97,4,0,3,9,-15515.640000000003,-1074.5900000000001
2011-03-05,0.0,0.0,0.0,0.0,0.0,19313.571428571428,7340.225610368935,10781.57142857143,19953.720714285715,7453.13904249901,11931.42857142857,18794.74766666667,8055.105175419316,11101.666666666666,32818.19,21463.94,23413.97,5,1,3,9,-17302.55,0.0
2011-03-06,9951.67,5026.0,26.0,24.0,382.75653846153847,18109.932857142856,8163.950697325339,10065.57142857143,19403.15142857143,7906.545979605364,11379.92857142857,18908.383,7898.831466985213,11156.433333333332,17302.55,18377.14,17659.64,6,1,3,9,9951.67,568.960000000001
2011-03-07,20247.85,11088.0,58.0,49.0,349.1008620689655,19662.09571428571,7204.655324811193,10960.57142857143,19818.08857142857,7777.347368429271,11556.92857142857,18956.430333333334,7902.572996126018,11112.133333333331,9951.67,9382.71,14438.73,0,0,3,10,10296.179999999998,5221.169999999998
2011-03-08,22184.11,13811.0,44.0,41.0,504.1843181818182,20684.58571428572,6940.1900395255925,11735.42857142857,20728.53928571429,7192.814238423592,12170.714285714286,18817.27733333333,7803.872937476786,11072.666666666666,20247.85,15026.68,9437.8,1,0,3,10,1936.260000000002,-1437.4799999999996
2011-03-09,20320.23,11457.0,51.0,47.0,398.4358823529412,20212.96285714286,6818.445458032119,11719.857142857143,19842.52857142857,6311.477999027938,11533.642857142857,18924.91333333333,7801.5125363648385,11157.633333333331,22184.11,23621.59,32724.38,2,0,3,10,-1863.880000000001,1654.0900000000001
2011-03-10,24429.77,15222.0,52.0,46.0,469.8032692307692,21036.33857142857,6947.305944818895,12664.714285714286,19507.75285714286,5892.084577119561,11126.57142857143,19000.175666666662,7844.688362723298,11150.8,20320.23,18666.14,29116.63,3,0,3,10,4109.540000000001,-8388.420000000002
2011-03-11,20894.75,9249.0,48.0,42.0,435.3072916666667,19332.99,4663.485983210598,11254.714285714286,19620.522857142856,5903.229429209409,10920.142857142857,19093.73533333333,7850.169341209613,11083.966666666667,24429.77,32818.19,19315.97,4,0,3,10,-3535.0200000000004,3592.2000000000007
2011-03-12,0.0,0.0,0.0,0.0,0.0,19332.99,4663.485983210598,11254.714285714286,19620.522857142856,5903.229429209409,10920.142857142857,19093.73533333333,7850.169341209613,11083.966666666667,24429.77,32818.19,19315.97,5,1,3,10,-20894.75,0.0
2011-03-13,4117.22,2733.0,16.0,16.0,257.32625,17449.37142857143,7450.385300265755,9798.0,18381.47142857143,7170.914889281666,10289.785714285714,19116.320333333333,7804.42082829121,11107.2,20894.75,17302.55,21463.94,6,1,3,10,4117.22,-5834.45
2011-03-14,25866.33,16729.0,48.0,41.0,538.881875,19722.894285714287,7205.28473115372,11469.857142857143,18916.41357142857,7444.683545825627,10767.714285714286,19199.099,7864.177426742444,11379.266666666666,4117.22,9951.67,18377.14,0,0,3,11,21749.11,5618.480000000003
2011-03-15,14896.28,7918.0,41.0,40.0,363.3239024390244,18958.384285714284,7420.984509286057,11017.0,19310.24,7036.179310861864,10988.785714285714,19223.863666666668,7848.895112620242,11354.4,25866.33,20247.85,9382.71,1,0,3,11,-10970.050000000001,-7287.83
2011-03-16,21715.11,12843.0,50.0,46.0,434.3022,18891.384285714284,7389.055801232677,10878.714285714286,19787.985000000004,6949.492512090121,11307.07142857143,19550.673,7737.216814162562,11577.7,14896.28,22184.11,15026.68,2,0,3,11,6818.83,1394.880000000001
2011-03-17,31976.51,19025.0,56.0,51.0,571.0091071428571,20556.567142857144,8919.622105707474,11959.857142857143,20384.765000000003,7629.489172862583,11839.857142857143,20144.711333333333,7988.735114996902,11819.633333333331,21715.11,20320.23,23621.59,3,0,3,11,10261.399999999998,7546.739999999998
2011-03-18,23334.6,13214.0,52.0,48.0,448.7423076923077,20400.114285714284,8849.692789008566,11673.0,20718.226428571423,7650.588055832085,12168.857142857143,20303.19933333333,8003.771014181684,11940.933333333332,31976.51,24429.77,18666.14,4,0,3,11,-8641.91,2439.8499999999985
2011-03-19,0.0,0.0,0.0,0.0,0.0,20400.114285714284,8849.692789008566,11673.0,20718.226428571423,7650.588055832085,12168.857142857143,20303.19933333333,8003.771014181684,11940.933333333332,31976.51,24429.77,18666.14,5,1,3,11,-23334.6,0.0
2011-03-20,19880.99,13473.0,57.0,56.0,348.7892982456141,20255.29142857143,8848.543992031453,12276.42857142857,19794.140714285717,6812.015591839848,11765.57142857143,20777.716333333334,7511.65690924469,12299.266666666666,23334.6,20894.75,32818.19,6,1,3,11,19880.99,15763.77
2011-03-21,16020.1,9443.0,48.0,47.0,333.75208333333336,21955.70285714286,5874.238794538296,13235.0,19702.537142857145,6856.5752582157465,11516.5,20545.073333333337,7548.464316243568,12202.733333333334,19880.99,4117.22,17302.55,0,0,3,12,-3860.8900000000012,-9846.230000000001
2011-03-22,19016.94,13484.0,41.0,40.0,463.82780487804877,20977.21857142857,5681.569479317833,12771.42857142857,20350.05642857143,6267.650840625571,12120.642857142857,19920.61733333333,6815.312599357806,11916.133333333331,16020.1,25866.33,9951.67,1,0,3,12,2996.8399999999983,4120.659999999998
2011-03-23,21566.02,13918.0,59.0,55.0,365.5257627118644,21930.03857142857,5011.573306456023,13628.57142857143,20444.211428571427,6275.892953544708,12322.785714285714,19859.019000000004,6790.957718816061,11855.766666666666,19016.94,14896.28,20247.85,2,0,3,12,2549.0800000000017,-149.09000000000015
2011-03-24,36496.79,18164.0,68.0,63.0,536.7175,24041.70714285714,7434.438398852018,14388.714285714286,21466.54571428572,7605.941548983259,12633.714285714286,20486.924000000003,7422.115858320682,12036.333333333334,21566.02,21715.11,22184.11,3,0,3,12,14930.77,4520.2800000000025
2011-03-25,27271.1,13325.0,52.0,45.0,524.4442307692308,23369.505714285715,6781.471624433505,13574.42857142857,21963.036428571428,7750.842521612762,12767.142857142857,20914.669666666665,7431.298474027688,12193.5,36496.79,31976.51,20320.23,4,0,3,12,-9225.690000000002,3936.5
2011-03-26,0.0,0.0,0.0,0.0,0.0,23369.505714285715,6781.471624433505,13574.42857142857,21963.036428571428,7750.842521612762,12767.142857142857,20914.669666666665,7431.298474027688,12193.5,36496.79,31976.51,20320.23,5,1,3,12,-27271.1,0.0
2011-03-27,9189.77,4495.0,31.0,31.0,296.4441935483871,21348.815714285716,8644.955314549841,12328.857142857143,20874.465,8419.13575641529,12000.92857142857,20906.402,7444.633330890771,12169.4,27271.1,23334.6,24429.77,6,1,3,12,9189.77,-10691.220000000001
2011-03-28,19961.67,11574.0,58.0,52.0,344.166724137931,21360.34142857143,8642.72570194048,12057.57142857143,20807.816428571427,8422.655365537947,12167.0,20480.978333333333,7102.823025873347,11876.0,9189.77,19880.99,20894.75,0,0,3,13,10771.899999999998,3941.569999999998
2011-03-29,37190.52,24183.0,50.0,46.0,743.8104,24384.687142857143,10051.782192271114,14163.285714285714,23170.195000000003,8009.225047730675,13699.142857142857,20750.108,7578.358781577529,11984.733333333334,19961.67,16020.1,4117.22,1,0,3,13,17228.85,18173.579999999998
2011-03-30,29523.85,20055.0,66.0,63.0,447.3310606060606,25885.674285714285,9899.978957103733,15102.0,23431.446428571428,8162.127229529382,13936.714285714286,21090.370666666666,7739.202866500842,12248.6,37190.52,19016.94,25866.33,2,0,3,13,-7666.669999999998,7957.829999999998
2011-03-31,25621.11,14930.0,59.0,57.0,434.2561016949153,26464.972857142857,9722.130882474205,15246.57142857143,24197.50571428571,7794.445146417986,14437.57142857143,21228.943,7783.21479845911,12361.0,29523.85,21566.02,14896.28,3,0,3,13,-3902.739999999998,-10875.68
2011-04-01,24487.9,18279.0,68.0,59.0,360.11617647058824,24749.41714285714,8658.218787263655,15263.0,24395.562142857143,7761.674820755942,14825.857142857143,21432.635,7785.968486301569,12635.7,25621.11,36496.79,21715.11,4,0,4,13,-1133.2099999999991,-2783.199999999997
2011-04-02,0.0,0.0,0.0,0.0,0.0,24749.41714285714,8658.218787263655,15263.0,24395.562142857143,7761.674820755942,14825.857142857143,21432.635,7785.968486301569,12635.7,25621.11,36496.79,21715.11,5,1,4,13,-24487.9,0.0
2011-04-03,6872.53,5646.0,19.0,18.0,361.71210526315787,21835.33571428572,10828.739776545108,14166.0,22602.42071428572,8716.64034965438,13870.214285714286,21348.962333333333,7932.047142972353,12663.133333333331,24487.9,27271.1,31976.51,6,1,4,13,6872.53,-2317.2400000000007
2011-04-04,28998.01,12861.0,54.0,49.0,537.0001851851852,24665.084285714285,9477.261055944911,15361.142857142857,23006.95,8883.0612681189,13845.0,21814.67333333333,7958.153179256217,12812.266666666666,6872.53,9189.77,23334.6,0,0,4,14,22125.48,9036.34
2011-04-05,28667.42,15175.0,46.0,45.0,623.2047826086956,25908.762857142858,9327.202985879096,15875.57142857143,23634.552142857145,8955.312217270128,13966.57142857143,21982.86766666667,8050.445195945932,12932.566666666668,28998.01,19961.67,19880.99,1,0,4,14,-330.59000000000015,-8523.099999999999
2011-04-06,12698.32,8011.0,37.0,36.0,343.1978378378378,22409.877142857145,8977.032182174245,13565.285714285714,23397.28214285714,9212.876244775942,13864.285714285714,21783.94033333333,8207.43008241943,12912.666666666666,28667.42,37190.52,16020.1,2,0,4,14,-15969.099999999999,-16825.53
2011-04-07,16780.32,10063.0,61.0,57.0,275.0872131147541,20589.37285714285,8577.162444841077,12137.857142857143,23237.52357142857,9313.520463926565,13619.92857142857,21249.344666666664,7983.178701247608,12610.8,12698.32,29523.85,19016.94,3,0,4,14,4082.0,-8840.79
2011-04-08,22673.91,12272.0,65.0,63.0,348.82938461538464,20168.344285714287,8358.552054139735,11758.142857142857,23316.65857142857,9302.92628820538,13502.357142857143,21428.39,7951.780551879025,12588.866666666669,16780.32,25621.11,21566.02,4,0,4,14,5893.59,-1813.9900000000016
2011-04-09,0.0,0.0,0.0,0.0,0.0,20168.344285714287,8358.552054139735,11758.142857142857,23316.65857142857,9302.92628820538,13502.357142857143,21428.39,7951.780551879025,12588.866666666669,16780.32,25621.11,21566.02,5,1,4,14,-22673.91,0.0
2011-04-10,9879.75,5603.0,32.0,31.0,308.7421875,18081.465714285718,8906.023525818373,9947.285714285714,21415.441428571427,9120.170218348982,12605.142857142857,21425.99266666667,7955.369940653597,12608.1,22673.91,24487.9,36496.79,6,1,4,14,9879.75,3007.2200000000003
2011-04-11,20179.7,13127.0,59.0,54.0,342.02881355932203,19982.49,7409.100532241976,11016.0,20908.91285714286,8965.548957465722,12591.0,21423.721,7955.727683705086,12676.066666666668,9879.75,6872.53,27271.1,0,0,4,15,10299.95,-8818.309999999998
2011-04-12,23988.6,14577.0,60.0,54.0,399.81,19266.86,6589.803443763328,11261.142857142857,21965.972142857143,8327.234319415376,13311.142857142857,21483.870666666666,7968.486118762026,12701.6,20179.7,28998.01,9189.77,1,0,4,15,3808.899999999998,-4678.82
2011-04-13,24450.27,18752.0,60.0,54.0,407.5045,18664.41,5722.902024055195,11772.142857142857,22286.58642857143,8330.53792619072,13823.857142857143,21621.538666666667,7983.351752195379,12944.766666666666,23988.6,28667.42,19961.67,2,0,4,15,461.6700000000019,11751.95
2011-04-14,35682.73,18507.0,82.0,75.0,435.15524390243905,21947.897142857146,7906.427938443005,13271.57142857143,22178.88714285714,8130.376311637595,13418.42857142857,21996.63733333333,8374.619330470035,13054.266666666666,24450.27,12698.32,37190.52,3,0,4,15,11232.460000000003,18902.410000000003
2011-04-15,17999.181,11088.0,41.0,40.0,439.00441463414637,22122.02014285714,7786.161767203087,13418.0,21355.6965,7909.943649414639,12777.92857142857,21900.118366666666,8404.389746029778,13115.566666666668,35682.73,16780.32,29523.85,4,0,4,15,-17683.549000000003,-4674.728999999999
2011-04-16,0.0,0.0,0.0,0.0,0.0,22122.02014285714,7786.161767203087,13418.0,21355.6965,7909.943649414639,12777.92857142857,21900.118366666666,8404.389746029778,13115.566666666668,35682.73,16780.32,29523.85,5,1,4,15,-17999.181,0.0
2011-04-17,12630.34,8136.0,42.0,39.0,300.72238095238095,20687.22442857143,8554.948165809206,12827.142857142857,20427.78435714286,8129.989646497056,12292.642857142857,22183.889033333333,7912.584446358885,13295.666666666666,17999.181,22673.91,25621.11,6,1,4,15,12630.34,2750.59
2011-04-18,43671.37,26219.0,62.0,56.0,704.376935483871,25514.598714285712,10704.10727541737,15772.285714285714,21798.032214285715,10215.942056493926,12859.785714285714,22777.390366666667,8814.652647999941,13612.0,12630.34,9879.75,24487.9,0,0,4,16,31041.030000000002,23491.670000000002
2011-04-19,18811.19,12902.0,53.0,52.0,354.92811320754714,25319.097285714288,10829.546572694218,15740.142857142857,22650.79364285714,9334.472580498012,13378.07142857143,22907.88736666667,8722.450024700578,13778.133333333331,43671.37,20179.7,6872.53,1,0,4,16,-24860.180000000004,-5177.41
2011-04-20,25715.8,17851.0,62.0,58.0,414.77096774193546,25565.84014285714,10813.84490344276,16207.857142857143,22416.350071428573,9203.086999142712,13734.5,23041.2437,8734.160119362821,13945.066666666668,18811.19,23988.6,28998.01,2,0,4,16,6904.610000000001,1265.5299999999988
2011-04-21,27771.04,17075.0,71.0,64.0,391.14140845070426,26040.23585714286,10829.577555507183,15968.285714285714,22352.322928571422,9159.265885968262,13870.214285714286,22901.06136666667,8618.79160527496,13880.066666666668,25715.8,24450.27,28667.42,3,0,4,16,2055.2400000000016,-7911.690000000002
2011-04-22,0.0,0.0,0.0,0.0,0.0,26040.23585714286,10829.577555507183,15968.285714285714,22352.322928571422,9159.265885968262,13870.214285714286,22901.06136666667,8618.79160527496,13880.066666666668,25715.8,24450.27,28667.42,4,0,4,16,-27771.04,-17999.181
2011-04-23,0.0,0.0,0.0,0.0,0.0,26040.23585714286,10829.577555507183,15968.285714285714,22352.322928571422,9159.265885968262,13870.214285714286,22901.06136666667,8618.79160527496,13880.066666666668,25715.8,24450.27,28667.42,5,1,4,16,0.0,0.0
2011-04-24,0.0,0.0,0.0,0.0,0.0,26040.23585714286,10829.577555507183,15968.285714285714,22352.322928571422,9159.265885968262,13870.214285714286,22901.06136666667,8618.79160527496,13880.066666666668,25715.8,24450.27,28667.42,6,1,4,16,0.0,-12630.34
2011-04-25,0.0,0.0,0.0,0.0,0.0,26040.23585714286,10829.577555507183,15968.285714285714,22352.322928571422,9159.265885968262,13870.214285714286,22901.06136666667,8618.79160527496,13880.066666666668,25715.8,24450.27,28667.42,0,0,4,17,0.0,-43671.37
2011-04-26,21536.86,14458.0,59.0,55.0,365.03152542372885,24019.397285714287,10019.935805497282,15389.857142857143,22983.64721428572,8737.554633697166,14330.714285714286,22841.1367,8621.922447382274,13921.533333333333,27771.04,35682.73,12698.32,1,0,4,17,21536.86,2725.670000000002
2011-04-27,23566.91,17658.0,61.0,56.0,386.3427868852459,24814.78714285714,9677.533317954803,16328.42857142857,23468.403642857145,8553.237248227575,14873.214285714286,22964.0007,8604.530213175694,14061.033333333333,21536.86,17999.181,16780.32,2,0,4,17,2030.0499999999993,-2148.8899999999994
2011-04-28,21312.18,13106.0,55.0,49.0,387.4941818181818,26055.05,8316.325787842537,17038.428571428572,23371.13721428571,8570.692038092895,14932.785714285714,23140.403366666666,8511.001973436625,14183.133333333331,23566.91,12630.34,22673.91,3,0,4,17,-2254.7299999999996,-6458.860000000001
2011-04-29,0.0,0.0,0.0,0.0,0.0,26055.05,8316.325787842537,17038.428571428572,23371.13721428571,8570.692038092895,14932.785714285714,23140.403366666666,8511.001973436625,14183.133333333331,23566.91,12630.34,22673.91,4,0,4,17,-21312.18,0.0
2011-04-30,0.0,0.0,0.0,0.0,0.0,26055.05,8316.325787842537,17038.428571428572,23371.13721428571,8570.692038092895,14932.785714285714,23140.403366666666,8511.001973436625,14183.133333333331,23566.91,12630.34,22673.91,5,1,4,17,0.0,0.0
2011-05-01,6958.11,3814.0,18.0,18.0,386.56166666666667,20810.29857142857,6791.834703596858,13837.714285714286,23162.448642857144,8951.571098231601,14805.0,22738.44236666667,8984.073978466897,13860.8,21312.18,43671.37,9879.75,6,1,5,17,6958.11,6958.11
2011-05-02,0.0,0.0,0.0,0.0,0.0,20810.29857142857,6791.834703596858,13837.714285714286,23162.448642857144,8951.571098231601,14805.0,22738.44236666667,8984.073978466897,13860.8,21312.18,43671.37,9879.75,0,0,5,18,-6958.11,0.0
2011-05-03,28877.21,11134.0,59.0,50.0,489.4442372881356,22248.301428571427,7341.409619887897,13585.142857142857,23783.69935714285,9030.10563124885,14662.642857142857,22982.1487,9050.094460946177,13768.0,6958.11,18811.19,20179.7,1,0,5,18,28877.21,7340.3499999999985
2011-05-04,27509.81,17359.0,62.0,55.0,443.70661290322585,22504.58857142857,7511.967292805696,13514.857142857143,24035.214357142857,9085.122154743216,14861.357142857143,22682.582699999995,8730.414684898764,13741.166666666666,28877.21,25715.8,23988.6,2,0,5,18,-1367.3999999999978,3942.9000000000015
2011-05-05,25191.79,16188.0,82.0,76.0,307.2169512195122,22136.12428571429,7269.950653298607,13388.142857142857,24088.18007142857,9089.888296937444,14678.214285714286,22613.272366666664,8700.934529933244,13836.6,27509.81,27771.04,24450.27,3,0,5,18,-2318.0200000000004,3879.6100000000006
2011-05-06,30783.33,18285.0,77.0,64.0,399.78350649350654,23457.04857142857,7951.040363890491,13934.857142857143,23738.222928571427,8694.895782781476,14662.357142857143,23333.0577,8441.47864007204,14296.266666666666,25191.79,21536.86,35682.73,4,0,5,18,5591.540000000001,30783.33
2011-05-07,0.0,0.0,0.0,0.0,0.0,23457.04857142857,7951.040363890491,13934.857142857143,23738.222928571427,8694.895782781476,14662.357142857143,23333.0577,8441.47864007204,14296.266666666666,25191.79,21536.86,35682.73,5,1,5,18,-30783.33,0.0
2011-05-08,18731.98,10621.0,63.0,58.0,297.3330158730159,22766.344285714287,8147.483801849306,12929.57142857143,23790.56571428572,8659.824452011564,14629.0,23292.068033333337,8461.375822926822,14264.5,30783.33,23566.91,17999.181,6,1,5,18,18731.98,11773.869999999999
2011-05-09,21608.16,11679.0,63.0,59.0,342.9866666666667,22808.62714285714,8139.44342894681,12725.714285714286,24431.83857142857,8083.022561285114,14882.07142857143,22772.656033333333,8046.902291351475,13847.7,18731.98,21312.18,12630.34,0,0,5,19,2876.1800000000003,21608.16
2011-05-10,29807.25,16381.0,70.0,63.0,425.8178571428571,26072.79,4484.449986583427,14521.0,23441.544285714284,6166.686044721679,14179.357142857143,22782.1027,8055.263161062491,13725.233333333334,21608.16,6958.11,43671.37,1,0,5,19,8199.09,930.0400000000009
2011-05-11,31848.3,18422.0,73.0,56.0,436.2780821917808,26497.23142857143,4914.136760963113,15562.142857142857,24372.766428571427,6393.850010161352,14573.642857142857,22989.675700000003,8209.695797943466,13841.633333333331,29807.25,28877.21,18811.19,2,0,5,19,2041.0499999999993,4338.489999999998
2011-05-12,59827.74,37090.0,84.0,68.0,712.235,31114.07857142857,13574.381410804035,18380.85714285714,26809.33357142857,11447.51404983539,15947.857142857143,24167.67036666667,10615.119681988608,14468.666666666666,31848.3,27509.81,25715.8,3,0,5,19,27979.44,34635.95
2011-05-13,25815.72,13265.0,67.0,52.0,385.3092537313433,31203.21142857143,13530.992037297765,17963.285714285714,26669.667857142857,11446.806106392352,15675.714285714286,24799.11003333333,10101.851854362863,14722.633333333331,59827.74,25191.79,27771.04,4,0,5,19,-34012.02,-4967.610000000001
2011-05-14,0.0,0.0,0.0,0.0,0.0,31203.21142857143,13530.992037297765,17963.285714285714,26669.667857142857,11446.806106392352,15675.714285714286,24799.11003333333,10101.851854362863,14722.633333333331,59827.74,25191.79,27771.04,5,1,5,19,-25815.72,0.0
2011-05-15,9667.15,4768.0,30.0,29.0,322.23833333333334,28186.614285714284,15803.233351994666,16032.285714285714,25821.83142857143,12266.45875465341,14983.57142857143,24154.748033333333,10435.787724751824,14452.866666666669,25815.72,30783.33,21536.86,6,1,5,19,9667.15,-9064.83
2011-05-16,35706.7,15135.0,64.0,52.0,557.9171875,30611.574285714287,15408.069687277391,16677.14285714286,26688.959285714285,12521.235318976793,14803.357142857143,24389.3907,10618.292557360402,14451.533333333333,9667.15,18731.98,23566.91,0,0,5,20,26039.549999999996,14098.539999999997
2011-05-17,46361.09,25164.0,72.0,56.0,643.9040277777777,34147.70714285714,15831.970798981143,18603.571428571428,28478.167142857143,13449.11379876952,15664.642857142857,25511.48303333333,11107.6203542008,15023.3,35706.7,21608.16,21312.18,1,0,5,20,10654.39,16553.839999999997
2011-05-18,32775.69,18591.0,71.0,62.0,461.6294366197183,34571.770000000004,15735.79705619434,18919.285714285717,30322.28,11958.80080718412,16720.14285714286,26044.66203333333,11057.849088749696,15307.566666666668,46361.09,29807.25,6958.11,2,0,5,20,-13585.399999999994,927.390000000003
2011-05-19,31521.87,17160.0,92.0,82.0,342.62902173913045,34525.137142857144,15745.693764581849,18739.0,30511.184285714287,11955.105503995872,17150.571428571428,26339.59403333333,11082.812195900598,15470.5,32775.69,31848.3,28877.21,3,0,5,20,-1253.8200000000033,-28305.87
2011-05-20,25351.44,15063.0,69.0,58.0,367.41217391304343,29599.95142857143,11267.165130362158,15592.285714285714,30357.015000000003,12010.57571822417,16986.571428571428,26855.317033333336,10641.66167885408,15785.833333333334,31521.87,59827.74,27509.81,4,0,5,20,-6170.43,-464.2800000000025
2011-05-21,0.0,0.0,0.0,0.0,0.0,29599.95142857143,11267.165130362158,15592.285714285714,30357.015000000003,12010.57571822417,16986.571428571428,26855.317033333336,10641.66167885408,15785.833333333334,31521.87,59827.74,27509.81,5,1,5,20,-25351.44,0.0
2011-05-22,24087.15,12642.0,61.0,57.0,394.87131147540987,29353.012857142858,11382.279955619251,15503.285714285714,30278.112142857142,12050.680085012227,16733.285714285714,26985.565366666666,10580.87715943276,15769.666666666666,25351.44,25815.72,25191.79,6,1,5,20,24087.15,14420.000000000002
2011-05-23,31232.53,17479.0,64.0,55.0,488.00828125,32433.78142857143,7381.273887951105,17319.14285714286,30310.19785714286,12052.726573451637,16675.714285714286,27227.0297,10592.77508963277,15866.4,24087.15,9667.15,30783.33,0,0,5,21,7145.379999999997,-4474.169999999998
2011-05-24,32460.83,14577.0,62.0,53.0,523.5617741935484,31970.08571428572,7242.040054381301,17239.428571428572,31290.83,11587.771971346472,16958.285714285714,27494.048366666662,10621.291143321958,15727.233333333334,31232.53,35706.7,18731.98,1,0,5,21,1228.300000000003,-13900.259999999995
2011-05-25,21870.71,12435.0,60.0,52.0,364.5118333333333,28471.46,4544.164337216977,15421.0,31309.58357142857,11571.096647430544,17012.285714285714,27033.6477,10553.23337485916,15524.833333333334,32460.83,46361.09,21608.16,2,0,5,21,-10590.120000000003,-10904.980000000003
2011-05-26,32764.38,16146.0,61.0,50.0,537.1209836065574,28469.844285714287,4542.380526801248,15071.714285714286,31520.807142857146,11568.55293139148,16995.5,27525.821,10461.265125389227,15693.433333333332,21870.71,32775.69,29807.25,3,0,5,21,10893.670000000002,1242.510000000002
2011-05-27,21109.22,14828.0,56.0,49.0,376.9503571428572,26982.32285714286,5052.626610868691,14738.57142857143,30753.730000000003,11896.556103155355,16738.785714285714,27808.45033333333,10155.014060767002,15916.5,32764.38,31521.87,31848.3,4,0,5,21,-11655.16,-4242.2199999999975
2011-05-28,0.0,0.0,0.0,0.0,0.0,26982.32285714286,5052.626610868691,14738.57142857143,30753.730000000003,11896.556103155355,16738.785714285714,27808.45033333333,10155.014060767002,15916.5,32764.38,31521.87,31848.3,5,1,5,21,-21109.22,0.0
2011-05-29,7338.94,4067.0,24.0,20.0,305.78916666666663,24409.108571428573,9037.209219575603,13167.714285714286,27004.53,10175.490677285452,14380.0,26597.369333333336,10362.352488755634,15178.1,21109.22,25351.44,59827.74,6,1,5,21,7338.94,-16748.210000000003
2011-05-30,0.0,0.0,0.0,0.0,0.0,24409.108571428573,9037.209219575603,13167.714285714286,27004.53,10175.490677285452,14380.0,26597.369333333336,10362.352488755634,15178.1,21109.22,25351.44,59827.74,0,0,5,22,-7338.94,-31232.53
2011-05-31,18133.2,10568.0,51.0,48.0,355.5529411764706,23558.544285714284,9347.424393173587,12871.42857142857,26455.77857142857,10448.03761380603,14187.357142857143,26574.769666666667,10380.642421618884,15100.3,7338.94,24087.15,25815.72,1,0,5,22,18133.2,-14327.630000000001
2011-06-01,15380.39,9555.0,37.0,35.0,415.6862162162162,21293.95285714286,9095.23306578737,11739.42857142857,26863.867142857143,9835.469737648084,14529.285714285714,26230.256,10579.730119622724,14823.766666666666,18133.2,31232.53,9667.15,2,0,6,22,-2752.8100000000013,-6490.32
2011-06-02,28078.91,13703.0,42.0,33.0,668.5454761904762,20667.964285714286,8315.979132487246,11614.57142857143,26319.025,9513.952261482367,14427.0,26240.518333333333,10581.42539699021,14711.366666666669,15380.39,32460.83,35706.7,3,0,6,22,12698.52,-4685.470000000001
2011-06-03,15024.11,7237.0,41.0,37.0,366.44170731707317,19689.87857142857,8550.272762564306,10872.0,24080.669285714284,8002.144743180253,13146.5,26023.42666666667,10746.771592149742,14470.666666666666,28078.91,21870.71,46361.09,4,0,6,22,-13054.8,-6085.110000000001
2011-06-04,0.0,0.0,0.0,0.0,0.0,19689.87857142857,8550.272762564306,10872.0,24080.669285714284,8002.144743180253,13146.5,26023.42666666667,10746.771592149742,14470.666666666666,28078.91,21870.71,46361.09,5,1,6,22,-15024.11,0.0
2011-06-05,25423.76,13397.0,67.0,62.0,379.4591044776119,18641.21857142857,6986.653704832456,10479.285714285714,23555.53142857143,7619.741046777895,12775.5,26085.321666666667,10737.478812484436,14328.633333333331,15024.11,32764.38,32775.69,6,1,6,22,25423.76,18084.82
2011-06-06,16269.03,9139.0,56.0,54.0,290.5183928571429,17949.762857142858,6941.05480073396,9666.57142857143,22466.04285714286,7482.279861479335,12202.57142857143,25917.21666666667,10853.632807041064,14196.4,25423.76,21109.22,31521.87,0,0,6,23,-9154.729999999998,16269.03
2011-06-07,33807.85,17659.0,71.0,68.0,476.16690140845066,21731.035714285717,7392.255470697919,11608.285714285714,23070.072142857145,8052.719599533484,12388.0,26812.208,10330.776070579155,14657.9,16269.03,7338.94,25351.44,1,0,6,23,17538.82,15674.649999999998
2011-06-08,30122.23,18809.0,82.0,71.0,367.3442682926829,23443.754285714287,7797.505274590284,12785.57142857143,23501.149285714284,8269.958172922297,12828.5,26853.708666666666,10341.852424632676,14913.733333333334,33807.85,18133.2,24087.15,2,0,6,23,-3685.619999999999,14741.84
2011-06-09,42862.8,27153.0,82.0,76.0,522.7170731707317,27369.812857142857,9738.159242116815,15299.57142857143,24331.882857142857,9585.7920553265,13519.5,27365.475,10747.360267036778,15240.2,30122.23,15380.39,31232.53,3,0,6,23,12740.570000000003,14783.890000000003
2011-06-10,58245.12,9833.0,44.0,41.0,1323.7527272727273,31679.27142857143,15230.299913356344,14746.714285714286,26173.617857142857,13100.429716312705,13180.642857142857,28467.25266666667,12123.04300114225,15028.366666666669,42862.8,28078.91,32460.83,4,0,6,23,15382.32,43221.01
2011-06-11,0.0,0.0,0.0,0.0,0.0,31679.27142857143,15230.299913356344,14746.714285714286,26173.617857142857,13100.429716312705,13180.642857142857,28467.25266666667,12123.04300114225,15028.366666666669,42862.8,28078.91,32460.83,5,1,6,23,-58245.12,0.0
2011-06-12,12397.09,9454.0,38.0,38.0,326.2392105263158,31303.98285714286,15733.162643253214,15063.42857142857,25496.93071428572,13575.836539454647,12967.714285714286,27854.378000000004,12461.934357276068,14734.0,58245.12,15024.11,21870.71,6,1,6,23,12397.09,-13026.669999999998
2011-06-13,19696.66,10653.0,52.0,49.0,378.7819230769231,30485.825714285715,16230.946243938766,14671.42857142857,24563.522142857146,13486.669173325416,12575.357142857143,27886.534,12438.806943668358,14735.066666666668,12397.09,25423.76,32764.38,0,0,6,24,7299.57,3427.629999999999
2011-06-14,33324.49,12960.0,52.0,42.0,640.8555769230769,32922.32,14972.457488985166,15217.285714285714,25436.04142857143,13640.261349639146,12441.92857142857,28277.07833333333,12418.800078577764,14777.766666666666,19696.66,16269.03,21109.22,1,0,6,24,13627.829999999998,-483.3600000000006
2011-06-15,44954.18,29446.0,50.0,42.0,899.0836,34514.65285714286,15659.287572874822,16901.14285714286,28122.844285714287,13505.34197669529,14254.714285714286,28781.976,12785.643769499246,15213.266666666666,33324.49,33807.85,7338.94,2,0,6,24,11629.690000000002,14831.95
2011-06-16,32252.1,19616.0,81.0,74.0,398.17407407407404,34818.92,15580.208819502432,17016.428571428572,29131.33714285714,13226.268602221648,14901.0,28795.436,12789.195189110587,15253.066666666668,44954.18,30122.23,18133.2,3,0,6,24,-12702.080000000002,-10610.700000000004
2011-06-17,19053.53,11345.0,46.0,35.0,414.20717391304345,31417.59571428571,16120.989988611014,14758.142857142857,29393.704285714284,12966.389370603643,15028.857142857143,27436.295666666665,11476.850555557676,14394.9,32252.1,42862.8,15380.39,4,0,6,24,-13198.57,-39191.590000000004
2011-06-18,0.0,0.0,0.0,0.0,0.0,31417.59571428571,16120.989988611014,14758.142857142857,29393.704285714284,12966.389370603643,15028.857142857143,27436.295666666665,11476.850555557676,14394.9,32252.1,42862.8,15380.39,5,1,6,24,-19053.53,0.0
2011-06-19,22421.48,15069.0,60.0,57.0,373.6913333333333,26299.932857142856,11084.513491699056,15506.142857142857,28989.602142857144,13098.007308576587,15126.42857142857,27323.15433333333,11510.059982772387,14455.033333333333,19053.53,58245.12,28078.91,6,1,6,24,22421.48,10024.39
2011-06-20,26110.99,14865.0,59.0,49.0,442.5591525423729,28259.06142857143,9283.300442758253,16279.142857142857,29781.522142857146,12510.681147259216,15671.285714285714,27871.282333333333,11021.428137675372,14791.6,22421.48,12397.09,15024.11,0,0,6,25,3689.510000000002,6414.330000000002
2011-06-21,19827.91,13122.0,48.0,45.0,413.08145833333333,28277.81142857143,9263.235017288263,16631.85714285714,29381.81857142857,12747.761428084206,15651.642857142857,27341.98933333333,11013.443201943111,14724.5,26110.99,19696.66,25423.76,1,0,6,25,-6283.080000000002,-13496.579999999998
2011-06-22,21143.75,15269.0,57.0,55.0,370.9429824561403,26537.70571428572,9301.211663883538,16961.714285714286,29730.012857142858,12424.52190250481,16089.5,26501.411333333333,10460.231492052277,14394.666666666666,19827.91,33324.49,16269.03,2,0,6,25,1315.8400000000001,-23810.43
2011-06-23,22469.62,13972.0,69.0,64.0,325.64666666666665,23325.625714285718,4550.381326068162,14751.142857142857,28920.13928571429,12507.522949834542,15826.142857142857,26157.875666666667,10416.209365931632,14240.7,21143.75,44954.18,33807.85,3,0,6,25,1325.869999999999,-9782.48
2011-06-24,16016.04,9063.0,45.0,40.0,355.91200000000003,21006.18857142857,3170.8411291825323,13243.57142857143,27912.554285714286,12963.12303678086,15130.0,25641.01466666667,10525.003310302936,13970.8,22469.62,32252.1,30122.23,4,0,6,25,-6453.579999999998,-3037.489999999998
2011-06-25,0.0,0.0,0.0,0.0,0.0,21006.18857142857,3170.8411291825323,13243.57142857143,27912.554285714286,12963.12303678086,15130.0,25641.01466666667,10525.003310302936,13970.8,22469.62,32252.1,30122.23,5,1,6,25,-16016.04,0.0
2011-06-26,7032.36,3760.0,26.0,24.0,270.4753846153846,19288.87857142857,6206.667581366206,12160.0,25353.23714285714,13316.630644628274,13459.07142857143,25030.378666666667,11060.19116729398,13594.033333333333,16016.04,19053.53,42862.8,6,1,6,25,7032.36,-15389.119999999999
2011-06-27,13381.75,9151.0,35.0,31.0,382.3357142857143,17997.488571428574,6384.140429192398,11314.57142857143,22148.71071428571,9699.32259377188,13410.357142857143,24673.532,11262.522094963178,13477.666666666666,7032.36,22421.48,58245.12,0,0,6,26,6349.39,-12729.240000000002
2011-06-28,30470.88,20821.0,49.0,41.0,621.8546938775511,18620.33,7433.982359193576,12165.42857142857,23439.695714285717,9502.350184585292,14222.285714285714,24648.143666666667,11248.075952390314,13589.066666666668,13381.75,26110.99,12397.09,1,0,6,26,17089.13,10642.970000000001
2011-06-29,12569.78,7468.0,39.0,36.0,322.3020512820513,17583.454285714284,7737.459632837934,11357.714285714286,22930.632857142857,9900.844131760025,13994.785714285714,23985.108666666667,11357.38785089786,13352.1,30470.88,19827.91,19696.66,2,0,6,26,-17901.1,-8573.97
2011-06-30,41709.24,20495.0,65.0,55.0,641.6806153846154,20521.381428571425,12028.906911409236,12104.285714285714,23529.54357142857,10791.48308081718,14533.0,24646.393,11798.995786886842,13620.766666666666,12569.78,21143.75,33324.49,3,0,6,26,29139.46,19239.62
2011-07-01,12146.44,7433.0,42.0,35.0,289.2009523809524,19046.641428571427,12377.988614389207,11170.142857142857,21186.13357142857,9230.415470748892,12960.642857142857,23959.12833333333,11909.790056053447,13330.333333333334,41709.24,22469.62,44954.18,4,0,7,26,-29562.799999999996,-3869.6000000000004
2011-07-02,0.0,0.0,0.0,0.0,0.0,19046.641428571427,12377.988614389207,11170.142857142857,21186.13357142857,9230.415470748892,12960.642857142857,23959.12833333333,11909.790056053447,13330.333333333334,41709.24,22469.62,44954.18,5,1,7,26,-12146.44,0.0
2011-07-03,5972.7300000000005,3091.0,25.0,24.0,238.90920000000003,17611.882857142857,13333.0448056883,10317.0,19309.035714285717,9475.760546009971,11780.285714285714,23454.578666666665,12347.275718947702,12939.1,12146.44,16016.04,32252.1,6,1,7,26,5972.7300000000005,-1059.6299999999992
2011-07-04,30941.37,12056.0,37.0,32.0,836.2532432432432,21027.45571428572,13233.20609144901,11502.142857142857,20158.16714285714,9970.811525616977,11831.07142857143,24241.32633333333,12032.958175026102,13205.4,5972.7300000000005,7032.36,19053.53,0,0,7,27,24968.64,17559.62
2011-07-05,25988.51,17631.0,64.0,58.0,406.07046875,22828.42142857143,12872.175172186282,12713.57142857143,20412.955,10078.09333709032,12014.07142857143,24503.17,11980.81364329249,13440.833333333334,30941.37,13381.75,22421.48,1,0,7,27,-4952.860000000001,-4482.370000000003
2011-07-06,22934.22,17805.0,66.0,61.0,347.48818181818183,21751.755714285715,12434.13928719488,12282.714285714286,20186.04285714286,9975.168692212646,12224.07142857143,24754.964333333333,11861.25458371156,13715.833333333334,25988.51,30470.88,26110.99,2,0,7,27,-3054.2899999999972,10364.44
2011-07-07,27860.38,17638.0,73.0,67.0,381.6490410958904,23936.127142857145,11883.133577755989,13735.57142857143,20759.790714285715,10181.848308421211,12546.642857142857,24747.68,11859.20979008385,13847.0,22934.22,12569.78,19827.91,3,0,7,27,4926.16,-13848.859999999997
2011-07-08,17538.5,10153.0,46.0,42.0,381.2717391304348,20483.164285714283,9026.245128673194,12258.142857142857,20502.272857142856,10216.92158801154,12181.214285714286,24831.493,11796.841442653096,13944.2,27860.38,41709.24,21143.75,4,0,7,27,-10321.880000000001,5392.0599999999995
2011-07-09,0.0,0.0,0.0,0.0,0.0,20483.164285714283,9026.245128673194,12258.142857142857,20502.272857142856,10216.92158801154,12181.214285714286,24831.493,11796.841442653096,13944.2,27860.38,41709.24,21143.75,5,1,7,27,-17538.5,0.0
2011-07-10,5959.54,4204.0,24.0,20.0,248.31416666666667,19599.321428571428,10204.6153768862,11796.857142857143,19322.981428571427,10902.228974308166,11483.5,24182.685666666664,12288.163457839864,13637.766666666666,17538.5,12146.44,22469.62,6,1,7,27,5959.54,-13.19000000000051
2011-07-11,20008.83,14097.0,48.0,43.0,416.85062500000004,21604.47857142857,8277.924126626329,13369.142857142857,19608.18071428572,10861.21377868585,11843.07142857143,24307.345666666668,12223.914937360229,13803.033333333333,5959.54,5972.7300000000005,16016.04,0,0,7,28,14049.29,-10932.539999999997
2011-07-12,17938.49,11537.0,45.0,41.0,398.63311111111113,19746.924285714285,7225.562749287876,13295.0,20387.19,10264.570003374962,12398.57142857143,23778.367,12141.702122480294,13598.966666666667,20008.83,30941.37,7032.36,1,0,7,28,-2070.34,-8050.019999999997
2011-07-13,19411.52,15251.0,56.0,50.0,346.63428571428574,18807.35428571429,6686.1561400551045,12955.0,20817.88785714286,10072.72363648727,12834.285714285714,23421.34333333333,12106.150845465903,13480.366666666669,17938.49,25988.51,13381.75,2,0,7,28,1473.0299999999988,-3522.7000000000007
2011-07-14,31979.04,17049.0,69.0,61.0,463.46434782608696,20099.471428571436,8296.619999848268,12847.0,20925.613571428574,10191.268854247914,12564.857142857143,23058.55133333333,11658.241356640716,13143.566666666668,19411.52,22934.22,30470.88,3,0,7,28,12567.52,4118.66
2011-07-15,11814.7,6359.0,37.0,34.0,319.3162162162162,17807.231428571427,8006.545309700201,11235.714285714286,20871.679285714286,10240.769043787295,12485.642857142857,21510.870666666666,9752.087785759792,13027.766666666666,31979.04,27860.38,12569.78,4,0,7,28,-20164.34,-5723.799999999999
2011-07-16,0.0,0.0,0.0,0.0,0.0,17807.231428571427,8006.545309700201,11235.714285714286,20871.679285714286,10240.769043787295,12485.642857142857,21510.870666666666,9752.087785759792,13027.766666666666,31979.04,27860.38,12569.78,5,1,7,28,-11814.7,0.0
2011-07-17,16926.15,10809.0,50.0,45.0,338.523,17719.75285714286,8013.313163911987,11329.42857142857,19101.45857142857,8324.409350483298,11793.785714285714,21661.83933333333,9640.554048779264,13072.933333333332,11814.7,17538.5,41709.24,6,1,7,28,16926.15,10966.61
2011-07-18,22001.63,12701.0,46.0,45.0,478.2963043478261,20011.480000000003,6171.802809520192,12543.285714285714,19805.40071428571,8104.825300004453,12170.07142857143,21738.671666666665,9633.53449713502,13141.2,16926.15,5959.54,12146.44,0,0,7,29,5075.48,1992.7999999999993
2011-07-19,46583.01,28400.0,62.0,57.0,751.338870967742,23807.79142857143,11787.770751907065,14586.57142857143,22706.135,9852.155013329486,13977.857142857143,22180.62233333333,10452.676557626595,13655.866666666669,22001.63,20008.83,5972.7300000000005,1,0,7,29,24581.38,28644.52
2011-07-20,27021.06,15341.0,53.0,47.0,509.831320754717,25105.301428571427,11531.123868680315,15130.0,22426.11285714286,9653.800239882774,14212.5,21582.85166666667,9581.897415299589,13185.7,46583.01,17938.49,30941.37,2,0,7,29,-19561.95,7609.540000000001
2011-07-21,30271.94,19533.0,70.0,59.0,432.4562857142857,26656.79,11366.809107437964,15741.714285714286,22732.072142857145,9841.442760471342,14348.357142857143,21516.84633333333,9512.4359242714,13182.933333333332,27021.06,19411.52,25988.51,3,0,7,29,3250.8799999999974,-1707.1000000000022
2011-07-22,14628.88,8325.0,37.0,34.0,395.3751351351351,24178.195714285717,11892.339005868298,14495.42857142857,22138.83357142857,10075.849855396147,13671.214285714286,21369.358,9585.963603074651,13082.266666666666,30271.94,31979.04,22934.22,4,0,7,29,-15643.06,2814.1799999999985
2011-07-23,0.0,0.0,0.0,0.0,0.0,24178.195714285717,11892.339005868298,14495.42857142857,22138.83357142857,10075.849855396147,13671.214285714286,21369.358,9585.963603074651,13082.266666666666,30271.94,31979.04,22934.22,5,1,7,29,-14628.88,0.0
2011-07-24,26777.92,17569.0,57.0,53.0,469.7880701754386,26315.79857142857,10571.057030428994,16096.857142857143,22061.515,10032.62788301233,13666.285714285714,21514.572666666667,9635.321534293163,13165.6,14628.88,11814.7,27860.38,6,1,7,29,26777.92,9851.769999999997
2011-07-25,19676.55,14271.0,53.0,49.0,371.2556603773585,26708.71285714286,10208.79465861299,16591.428571428572,22214.23285714286,9974.586800979198,13960.42857142857,21300.091333333337,9601.031587458236,13145.8,26777.92,16926.15,17538.5,0,0,7,30,-7101.369999999999,-2325.0800000000017
2011-07-26,17284.301,12637.0,46.0,44.0,375.74567391304345,26034.80871428572,10714.48250860393,16582.285714285714,23023.144357142857,8962.869659287348,14562.785714285714,21215.304366666667,9625.680464955474,13129.633333333331,19676.55,22001.63,5959.54,1,0,7,30,-2392.249,-29298.709000000003
2011-07-27,22846.13,13224.0,44.0,39.0,519.2302272727273,22643.825857142856,5719.0989276535565,14414.285714285714,23225.808642857144,8921.45058290996,14500.42857142857,21272.05036666667,9630.26099290544,13061.466666666667,17284.301,46583.01,20008.83,2,0,7,30,5561.8290000000015,-4174.93
2011-07-28,54171.95,29683.0,78.0,68.0,694.5121794871794,26522.52442857143,13327.921007142182,16463.14285714286,25813.91292857143,11995.613300433111,15796.57142857143,22328.7947,11351.71845144976,13585.166666666666,22846.13,27021.06,17938.49,3,0,7,30,31325.819999999996,23900.01
2011-07-29,17166.75,11165.0,62.0,57.0,276.883064516129,24650.354428571427,13630.469084031743,15267.714285714286,25653.57221428572,12102.302588834053,15504.714285714286,22367.1517,11331.57860693235,13655.233333333334,54171.95,30271.94,19411.52,4,0,7,30,-37005.2,2537.870000000001
2011-07-30,0.0,0.0,0.0,0.0,0.0,24650.354428571427,13630.469084031743,15267.714285714286,25653.57221428572,12102.302588834053,15504.714285714286,22367.1517,11331.57860693235,13655.233333333334,54171.95,30271.94,19411.52,5,1,7,30,-17166.75,0.0
2011-07-31,33112.36,19398.0,41.0,37.0,807.6185365853659,27290.85157142857,13147.294633895795,16849.571428571428,25734.523642857144,12151.55796286498,15672.5,23236.48503333333,11112.849024226312,14176.5,17166.75,14628.88,31979.04,6,1,7,30,33112.36,6334.440000000002
2011-08-01,19778.12,11256.0,39.0,35.0,507.131282051282,26290.880142857142,13455.399003153892,15947.714285714286,26303.339357142857,11624.815061212848,16022.285714285714,23449.697366666667,10977.795285808084,14246.666666666666,33112.36,26777.92,11814.7,0,0,8,31,-13334.240000000002,101.56999999999971
2011-08-02,20272.0,14223.0,41.0,39.0,494.4390243902439,26375.94442857143,13408.414506140609,15940.857142857143,26542.328642857145,11450.28712974185,16266.142857142857,23109.7347,10910.578870381878,14026.733333333334,19778.12,19676.55,16926.15,1,0,8,31,493.880000000001,2987.6990000000005
2011-08-03,26572.83,16125.0,62.0,59.0,428.59403225806454,27702.87714285714,12804.745266951824,16439.14285714286,26868.84292857143,11375.77859942444,16510.714285714286,23576.50303333333,10742.354797051985,14315.3,20272.0,17284.301,22001.63,2,0,8,31,6300.830000000002,3726.7000000000007
2011-08-04,62074.19,40092.0,79.0,76.0,785.7492405063291,33306.88571428572,17896.61876045575,20277.42857142857,27975.355785714288,13911.631251244487,17345.85714285714,24255.3347,12437.427927245935,14968.533333333333,26572.83,22846.13,46583.01,3,0,8,31,35501.36,7902.240000000005
2011-08-05,19703.95,12162.0,52.0,47.0,378.9221153846154,28382.88571428572,15820.35765894996,17774.428571428572,27452.705071428576,14086.590659683136,17118.785714285714,24507.251700000004,12258.965328031834,15126.166666666666,62074.19,54171.95,27021.06,4,0,8,31,-42370.240000000005,2537.2000000000007
2011-08-06,0.0,0.0,0.0,0.0,0.0,28382.88571428572,15820.35765894996,17774.428571428572,27452.705071428576,14086.590659683136,17118.785714285714,24507.251700000004,12258.965328031834,15126.166666666666,62074.19,54171.95,27021.06,5,1,8,31,-19703.95,0.0
2011-08-07,7541.91,5174.0,29.0,28.0,260.0658620689655,27007.90857142857,17306.130571279715,16918.571428571428,25829.1315,15015.899963252565,16093.142857142857,24559.5577,12180.251035468087,15195.6,19703.95,17166.75,30271.94,6,1,8,31,7541.91,-25570.45
2011-08-08,19743.98,12430.0,38.0,38.0,519.5784210526316,25098.140000000003,17257.765166117773,15923.142857142857,26194.495785714284,14782.835244972855,16386.35714285714,24186.31136666667,12149.47113779532,15208.066666666668,7541.91,33112.36,14628.88,0,0,8,32,12202.07,-34.13999999999942
2011-08-09,25949.92,15821.0,40.0,38.0,648.7479999999999,25979.825714285715,17097.58306335421,16575.285714285714,26135.352928571432,14781.97784116128,16261.5,24185.02503333333,12149.275790497511,15147.733333333334,19743.98,19778.12,26777.92,1,0,8,32,6205.939999999999,5677.919999999998
2011-08-10,19853.41,12326.0,43.0,42.0,461.70720930232557,25920.027142857143,17121.588437239847,16304.285714285714,26147.985785714285,14776.107880098903,16122.57142857143,24082.331366666665,12173.209930946425,14965.1,25949.92,20272.0,19676.55,2,0,8,32,-6096.509999999998,-6719.420000000002
2011-08-11,54325.27,36444.0,64.0,58.0,848.83234375,29884.661428571428,20229.08853916432,19207.0,28793.769285714287,16304.14243305172,17823.071428571428,24964.494366666662,13357.729906778046,15591.966666666667,19853.41,26572.83,17284.301,3,0,8,32,34471.86,-7748.9200000000055
2011-08-12,17970.170000000002,11049.0,46.0,40.0,390.6558695652174,23584.087142857144,14624.208473134257,15058.0,28445.48642857143,16491.964153557,17667.714285714286,24978.883366666665,13349.68483332394,15621.833333333334,54325.27,62074.19,22846.13,4,0,8,32,-36355.09999999999,-1733.7799999999988
2011-08-13,0.0,0.0,0.0,0.0,0.0,23584.087142857144,14624.208473134257,15058.0,28445.48642857143,16491.964153557,17667.714285714286,24978.883366666665,13349.68483332394,15621.833333333334,54325.27,62074.19,22846.13,5,1,8,32,-17970.170000000002,0.0
2011-08-14,5701.87,3172.0,25.0,21.0,228.07479999999998,21583.79,16124.07488753493,13773.714285714286,24983.33785714285,15746.58449773898,15774.07142857143,24970.294366666665,13362.420385795724,15587.433333333332,17970.170000000002,19703.95,54171.95,6,1,8,32,5701.87,-1840.04
2011-08-15,17235.95,10173.0,48.0,46.0,359.08229166666666,22968.652857142853,15100.878278390248,14487.857142857143,24988.280714285716,15743.952769024325,15703.214285714286,24877.86503333333,13407.437124410772,15456.633333333331,5701.87,7541.91,17166.75,0,0,8,33,11534.080000000002,-2508.029999999999
2011-08-16,16072.71,10461.0,50.0,44.0,321.45419999999996,22444.185714285715,15294.05767522351,14206.57142857143,23771.16285714286,15726.225301262482,15064.857142857143,24815.672366666666,13445.011289386252,15420.766666666666,17235.95,19743.98,33112.36,1,0,8,33,-1163.2400000000016,-9877.21
2011-08-17,48554.44,24794.0,51.0,45.0,952.047843137255,25673.402857142857,18257.005520853952,15488.42857142857,25826.614285714288,16993.66899209264,16031.857142857143,25787.103033333333,14078.958900972631,15738.866666666669,16072.71,25949.92,19778.12,2,0,8,33,32481.730000000003,28701.030000000002
2011-08-18,54034.98,34016.0,67.0,64.0,806.4922388059701,30556.484285714287,20830.68591860567,18587.0,28238.255714285715,18475.83904757433,17445.64285714286,26522.301033333337,14961.65491384866,16304.433333333332,48554.44,19853.41,20272.0,3,0,8,33,5480.540000000001,-290.2899999999936
2011-08-19,17326.07,10663.0,55.0,54.0,315.01945454545455,25270.884285714284,18339.53185224739,14904.0,27577.772857142856,18703.827248090744,17055.5,26706.013366666662,14807.881225761845,16447.9,54034.98,54325.27,26572.83,4,0,8,33,-36708.91,-644.1000000000022
2011-08-20,0.0,0.0,0.0,0.0,0.0,25270.884285714284,18339.53185224739,14904.0,27577.772857142856,18703.827248090744,17055.5,26706.013366666662,14807.881225761845,16447.9,54034.98,54325.27,26572.83,5,1,8,33,-17326.07,0.0
2011-08-21,14410.25,8075.0,38.0,36.0,379.2171052631579,24762.324285714283,18622.894003747017,14479.142857142857,24173.20571428572,16098.104945613326,14768.57142857143,26622.15003333333,14872.163447922445,16356.766666666666,17326.07,17970.170000000002,62074.19,6,1,8,33,14410.25,8708.380000000001
2011-08-22,29617.26,15527.0,63.0,57.0,470.11523809523806,28178.808571428573,16630.47411400275,16244.142857142857,24881.299285714285,16104.420573875152,15008.92857142857,26876.004366666668,14855.562456055632,16450.966666666667,14410.25,5701.87,19703.95,0,0,8,34,15207.009999999998,12381.309999999998
2011-08-23,22384.02,13698.0,60.0,56.0,373.067,28914.247142857144,16173.452255501665,16747.714285714286,25941.45,15345.828337606175,15617.785714285714,26069.37136666667,14398.558942866468,15960.9,29617.26,17235.95,7541.91,1,0,8,34,-7233.239999999998,6311.310000000001
2011-08-24,38371.37,27328.0,72.0,59.0,532.9356944444445,32099.77,15400.122037373643,19157.285714285717,27271.97785714286,15572.99889917761,16681.928571428572,26447.71503333333,14572.500827339276,16360.466666666667,22384.02,16072.71,19743.98,2,0,8,34,15987.350000000002,-10183.07
2011-08-25,22441.26,13151.0,72.0,68.0,311.68416666666667,28369.315714285716,13832.926774924745,17494.0,27021.359285714283,15624.06057227636,16491.214285714286,26186.69236666667,14571.770809110789,16147.733333333334,38371.37,48554.44,25949.92,3,0,8,34,-15930.110000000004,-31593.720000000005
2011-08-26,24095.49,16763.0,44.0,41.0,547.6247727272728,24092.24571428571,7953.879006260394,15029.285714285714,27324.365,15515.110088094882,16808.14285714286,26502.246033333337,14414.505993452687,16429.0,22441.26,54034.98,19853.41,4,0,8,34,1654.2300000000032,6769.420000000002
2011-08-27,0.0,0.0,0.0,0.0,0.0,24092.24571428571,7953.879006260394,15029.285714285714,27324.365,15515.110088094882,16808.14285714286,26502.246033333337,14414.505993452687,16429.0,22441.26,54034.98,19853.41,5,1,8,34,-24095.49,0.0
2011-08-28,10686.56,6701.0,37.0,36.0,288.82594594594593,23143.74428571429,9194.371814965383,14463.285714285714,24207.31428571429,13980.992442535751,14683.642857142857,25965.86736666667,14700.446127842804,16066.733333333334,24095.49,17326.07,54325.27,6,1,8,34,10686.56,-3723.6900000000005
2011-08-29,0.0,0.0,0.0,0.0,0.0,23143.74428571429,9194.371814965383,14463.285714285714,24207.31428571429,13980.992442535751,14683.642857142857,25965.86736666667,14700.446127842804,16066.733333333334,24095.49,17326.07,54325.27,0,0,8,35,-10686.56,-29617.26
2011-08-30,8805.17,4207.0,23.0,23.0,382.8334782608696,22343.018571428573,10263.62100538185,13910.714285714286,23552.67142857143,14500.424990558497,14194.92857142857,25603.48803333333,14991.934420174412,15731.266666666666,10686.56,14410.25,17970.170000000002,1,0,8,35,8805.17,-13578.85
2011-08-31,20527.89,11542.0,42.0,39.0,488.7592857142857,21044.537142857145,9752.17259622995,13341.42857142857,24611.67285714286,13610.537881410086,14792.785714285714,25711.607666666667,14941.480052885556,15694.766666666666,8805.17,29617.26,5701.87,2,0,8,35,11722.72,-17843.480000000003
2011-09-01,37358.62,27850.0,76.0,69.0,491.5607894736842,23183.76571428572,11568.277133749429,15363.142857142857,26049.00642857143,13832.425737365533,16055.42857142857,26195.357333333333,15079.797493366324,16182.3,20527.89,22384.02,17235.95,3,0,9,35,16830.730000000003,14917.360000000004
2011-09-02,30203.86,15375.0,64.0,58.0,471.9353125,22016.97857142857,10099.825652316094,13655.57142857143,27058.37428571429,13561.372781405906,16406.428571428572,25396.421,14152.906195082904,15705.366666666669,37358.62,38371.37,16072.71,4,0,9,35,-7154.760000000002,6108.369999999999
2011-09-03,0.0,0.0,0.0,0.0,0.0,22016.97857142857,10099.825652316094,13655.57142857143,27058.37428571429,13561.372781405906,16406.428571428572,25396.421,14152.906195082904,15705.366666666669,37358.62,38371.37,16072.71,5,1,9,35,-30203.86,0.0
2011-09-04,16930.43,10863.0,49.0,45.0,345.51897959183674,21229.717142857146,10274.510263945676,13328.714285714286,24799.516428571427,12278.502424062212,15411.357142857143,25388.54366666667,14157.70962933708,15695.3,30203.86,22441.26,48554.44,6,1,9,35,16930.43,6243.870000000001
2011-09-05,35439.91,22266.0,67.0,57.0,528.953880597015,22850.34857142857,11609.80311605307,14114.857142857143,23471.297142857144,9582.469561393738,14572.07142857143,25466.12866666667,14207.7850926867,15790.9,16930.43,24095.49,54034.98,0,0,9,36,18509.480000000003,35439.91
2011-09-06,25466.97,14451.0,61.0,54.0,417.4913114754099,24961.83571428572,10298.911592736222,15222.0,24052.79,9426.612965226126,14842.642857142857,25655.757,14167.156470015092,15897.4,35439.91,10686.56,17326.07,1,0,9,36,-9972.940000000002,16661.800000000003
2011-09-07,21967.42,13731.0,46.0,42.0,477.5526086956521,26842.157142857144,7741.499614776955,16582.571428571428,24592.58785714285,9040.440178882698,15246.642857142857,25712.271,14148.308691848772,15881.0,25466.97,8805.17,14410.25,2,0,9,36,-3499.550000000003,1439.5299999999988
2011-09-08,23048.38,15979.0,72.0,63.0,320.1163888888889,27202.227142857148,7452.070409597037,17216.428571428572,24123.382142857143,8929.378279218103,15278.92857142857,25594.78933333333,14155.54749493905,15876.133333333331,21967.42,20527.89,29617.26,3,0,9,36,1080.9600000000028,-14310.240000000002
2011-09-09,25082.86,15989.0,58.0,52.0,432.4631034482759,25448.547142857144,5958.352215704587,15522.0,24316.156428571438,8918.064226117003,15442.57142857143,24361.745000000003,12366.402858868289,15072.7,23048.38,37358.62,22384.02,4,0,9,36,2034.4799999999996,-5121.0
2011-09-10,0.0,0.0,0.0,0.0,0.0,25448.547142857144,5958.352215704587,15522.0,24316.156428571438,8918.064226117003,15442.57142857143,24361.745000000003,12366.402858868289,15072.7,23048.38,37358.62,22384.02,5,1,9,36,-25082.86,0.0
2011-09-11,35206.92,20906.0,75.0,68.0,469.4256,26163.27,6856.247830390513,16312.142857142857,24090.12428571429,8567.643690298013,14983.857142857143,24878.510666666665,12488.368428618003,15364.166666666666,25082.86,30203.86,38371.37,6,1,9,36,35206.92,18276.489999999998
2011-09-12,27777.36,16323.0,67.0,62.0,414.58746268656716,27712.83142857143,5516.653176013111,17092.14285714286,24471.274285714288,8607.250246675958,15210.42857142857,25553.02566666667,12058.789217660991,15735.8,35206.92,16930.43,22441.26,0,0,9,37,-7429.559999999998,-7662.550000000003
2011-09-13,48116.5,35000.0,63.0,61.0,763.7539682539683,29523.772857142856,9275.83023693073,18911.285714285717,26187.06071428571,10672.907472111488,16513.071428571428,26498.77633333333,12683.888174144517,16488.133333333335,27777.36,35439.91,24095.49,1,0,9,37,20339.14,22649.53
2011-09-14,22013.75,13433.0,65.0,58.0,338.6730769230769,29030.45571428572,9613.232380207146,18765.85714285714,26996.145714285714,9801.211625298563,16993.928571428572,26367.570666666667,12710.092822769357,16408.533333333333,48116.5,25466.97,10686.56,2,0,9,37,-26102.75,46.330000000001746
2011-09-15,71926.69,27638.0,79.0,70.0,910.4644303797469,36167.49428571428,18203.134465334897,20752.571428571428,31504.825714285715,14283.062101098136,18667.571428571428,28103.346666666668,15117.538162690213,16918.933333333334,22013.75,21967.42,8805.17,3,0,9,37,49912.94,48878.31
2011-09-16,23245.03,14125.0,46.0,44.0,505.32673913043476,36195.58714285714,18179.6499108754,20487.714285714286,31698.90714285714,14140.17729173773,18852.071428571428,27067.338666666663,14301.523240747923,16174.966666666667,71926.69,23048.38,20527.89,4,0,9,37,-48681.66,-1837.8300000000017
2011-09-17,0.0,0.0,0.0,0.0,0.0,36195.58714285714,18179.6499108754,20487.714285714286,31698.90714285714,14140.17729173773,18852.071428571428,27067.338666666663,14301.523240747923,16174.966666666667,71926.69,23048.38,20527.89,5,1,9,37,-23245.03,0.0
2011-09-18,15639.55,8937.0,27.0,25.0,579.2425925925926,34846.54285714286,19447.86423734472,19480.285714285717,30147.545,14653.580395204928,17501.14285714286,26989.65133333333,14358.859165579372,16104.566666666668,23245.03,25082.86,37358.62,6,1,9,37,15639.55,-19567.37
2011-09-19,46588.21,29241.0,69.0,63.0,675.1914492753623,36472.44142857142,19952.22875111823,20671.0,31317.855714285717,15298.501568391332,18491.571428571428,28352.52933333333,14208.228594483397,16973.533333333333,15639.55,35206.92,30203.86,0,0,9,38,30948.66,18810.85
2011-09-20,103377.68,42599.0,67.0,53.0,1542.950447761194,47272.48714285714,31550.932865388066,24424.714285714286,37492.65928571428,24010.25329450009,20758.42857142857,31223.92033333333,19574.955271217736,18054.4,46588.21,27777.36,16930.43,1,0,9,38,56789.469999999994,55261.17999999999
2011-09-21,38472.1,19615.0,67.0,65.0,574.210447761194,45894.71571428572,31718.067578413356,22226.85714285714,37709.24428571428,24003.98720096041,20569.071428571428,31970.566666666666,19403.55446795682,18359.533333333333,103377.68,48116.5,35439.91,2,0,9,38,-64905.579999999994,16458.35
2011-09-22,57734.98,32749.0,111.0,94.0,520.134954954955,50997.74857142857,30066.092723570106,24986.285714285717,40014.10214285714,24285.59537430687,21876.071428571428,32276.584666666666,19743.53720790952,18624.7,38472.1,22013.75,25466.97,3,0,9,38,19262.880000000005,-14191.71
2011-09-23,31753.75,19786.0,58.0,56.0,547.4784482758621,45258.75714285714,29227.77880530195,23864.571428571428,40713.125714285714,23863.363714005885,22308.571428571428,31533.877,19311.16144222836,18150.366666666665,57734.98,71926.69,21967.42,4,0,9,38,-25981.230000000003,8508.720000000001
2011-09-24,0.0,0.0,0.0,0.0,0.0,45258.75714285714,29227.77880530195,23864.571428571428,40713.125714285714,23863.363714005885,22308.571428571428,31533.877,19311.16144222836,18150.366666666665,57734.98,71926.69,21967.42,5,1,9,38,-31753.75,0.0
2011-09-25,31164.781,19424.0,75.0,74.0,415.53041333333334,46390.15014285715,28374.44258865733,24621.571428571428,41292.86864285714,23496.97833316082,22554.64285714286,31995.16736666667,19124.454934061017,18442.4,31753.75,23245.03,23048.38,6,1,9,38,31164.781,15525.231
2011-09-26,29265.511,15238.0,65.0,62.0,450.2386307692307,48336.716,26305.208544683992,25521.714285714286,41591.62942857143,23300.7877381298,22501.0,32490.34273333333,18843.698539700283,18681.166666666668,31164.781,15639.55,25082.86,0,0,9,39,-1899.2700000000004,-17322.699
2011-09-27,29212.32,19505.0,75.0,67.0,389.4976,45854.446,27298.77157840128,24130.85714285714,41163.44371428572,23481.520074606808,22400.92857142857,32476.84473333333,18845.972429659894,18813.766666666663,29265.511,46588.21,35206.92,1,0,9,39,-53.190999999998894,-74165.35999999999
2011-09-28,39001.91,24026.0,80.0,72.0,487.52387500000003,36657.90742857143,10143.455411253291,21477.571428571428,41965.19728571428,23178.98397077381,22951.14285714286,33030.7744,18783.20586196304,19158.033333333333,29212.32,103377.68,27777.36,2,0,9,39,9789.590000000004,529.810000000005
2011-09-29,44671.27,26957.0,103.0,93.0,433.70165048543686,37543.503142857146,10589.073399116964,22526.42857142857,41719.10942857142,23126.883038693337,22376.64285714286,33240.77106666667,18879.94015696257,19145.666666666668,39001.91,38472.1,48116.5,3,0,9,39,5669.359999999993,-13063.710000000006
2011-09-30,40023.44,21646.0,70.0,60.0,571.7634285714286,35013.283142857144,6142.8971058098105,20940.285714285717,43005.515857142855,22437.077267017445,22963.285714285717,33826.843733333335,18805.88938663289,19428.83333333333,44671.27,57734.98,22013.75,4,0,9,39,-4647.8299999999945,8269.690000000002
2011-10-01,0.0,0.0,0.0,0.0,0.0,35013.283142857144,6142.8971058098105,20940.285714285717,43005.515857142855,22437.077267017445,22963.285714285717,33826.843733333335,18805.88938663289,19428.83333333333,44671.27,57734.98,22013.75,5,1,10,39,-40023.44,0.0
2011-10-02,11479.98,8322.0,34.0,32.0,337.6464705882353,32117.030285714285,10884.88972025033,19302.571428571428,38687.89371428571,22258.845632240947,21583.571428571428,33406.326733333335,19168.545382061257,19147.466666666667,40023.44,31753.75,71926.69,6,1,10,39,11479.98,-19684.801
2011-10-03,62143.07,24553.0,65.0,48.0,956.0472307692307,36542.50014285714,15676.137616126554,20035.285714285717,41466.32514285714,22607.892484176704,22328.42857142857,35121.54373333333,19366.621091281377,19742.533333333333,11479.98,31164.781,23245.03,0,0,10,40,50663.09,32877.559
2011-10-04,38532.09,23016.0,74.0,65.0,520.7039189189188,37866.29714285715,15347.01149351424,21146.42857142857,43101.506571428574,21391.35770643811,23334.071428571428,36112.441066666666,18723.522303382928,20369.5,62143.07,29265.511,15639.55,1,0,10,40,-23610.980000000003,9319.769999999997
2011-10-05,73975.56999999999,45854.0,94.0,82.0,786.9741489361701,44261.04714285714,19815.494962433437,24910.571428571428,45057.74657142856,22931.581919816803,24520.714285714286,37894.0304,19706.514606374527,21513.233333333334,38532.09,29212.32,46588.21,2,0,10,40,35443.479999999996,34973.65999999999
2011-10-06,60258.53,34513.0,116.0,98.0,519.4700862068966,47297.707142857136,20492.416687746347,26408.714285714286,41977.80728571429,16485.87194485075,23943.14285714286,38657.36073333333,20124.148131154383,21735.33333333333,73975.56999999999,39001.91,103377.68,3,0,10,40,-13717.039999999994,15587.260000000002
2011-10-07,49089.47,29636.0,85.0,74.0,577.5231764705883,47928.87857142858,20466.063172524136,26791.42857142857,42736.19085714286,16556.25697008906,24658.92857142857,39286.88106666666,20145.964904216267,22210.7,60258.53,44671.27,38472.1,4,0,10,40,-11169.059999999998,9066.029999999999
2011-10-08,0.0,0.0,0.0,0.0,0.0,47928.87857142858,20466.063172524136,26791.42857142857,42736.19085714286,16556.25697008906,24658.92857142857,39286.88106666666,20145.964904216267,22210.7,60258.53,44671.27,38472.1,5,1,10,40,-49089.47,0.0
2011-10-09,12215.51,7263.0,38.0,35.0,321.4607894736842,43956.31714285714,24548.0429507668,24736.714285714286,39484.80014285714,17806.59360446523,22838.5,39129.71706666666,20343.80729902965,22090.7,49089.47,40023.44,57734.98,6,1,10,40,12215.51,735.5300000000007
2011-10-10,42962.8,24990.0,90.0,83.0,477.3644444444445,48453.86285714286,20084.478485504464,27117.85714285714,40285.44657142857,17683.81473415364,23210.214285714286,39380.48006666666,20343.121987118742,22181.5,12215.51,11479.98,31753.75,0,0,10,41,30747.29,-19180.269999999997
2011-10-11,46401.14,26633.0,78.0,69.0,594.8864102564103,46205.01571428571,19156.09450815753,27415.0,41373.75792857143,17547.64549027222,23725.14285714286,40078.28573333334,20207.99745608785,22587.566666666666,42962.8,62143.07,31164.781,1,0,10,41,3438.3399999999965,7869.050000000003
2011-10-12,27655.2,16151.0,82.0,73.0,337.25853658536585,44651.17428571428,20289.8030734397,26434.285714285717,41258.73571428571,17638.162680564867,23790.35714285714,40267.8784,20058.34843350909,22668.233333333334,46401.14,38532.09,29265.511,2,0,10,41,-18745.94,-46320.369999999995
2011-10-13,32850.25,17813.0,74.0,67.0,443.9222972972973,38776.12857142858,15852.36652957686,22428.42857142857,41518.587857142855,17473.06356001193,23669.5,40594.6074,19846.905817446623,22729.366666666665,27655.2,73975.56999999999,29212.32,3,0,10,41,5195.049999999999,-27408.28
2011-10-14,32071.62,17189.0,70.0,61.0,458.166,34749.427142857145,12765.459521761244,19953.571428571428,41023.56714285714,17647.148929436098,23181.14285714286,40827.56606666666,19699.01919480292,22769.366666666665,32850.25,60258.53,39001.91,4,0,10,41,-778.630000000001,-17017.850000000002
2011-10-15,0.0,0.0,0.0,0.0,0.0,34749.427142857145,12765.459521761244,19953.571428571428,41023.56714285714,17647.148929436098,23181.14285714286,40827.56606666666,19699.01919480292,22769.366666666665,32850.25,60258.53,39001.91,5,1,10,41,-32071.62,0.0
2011-10-16,21767.94,8649.0,35.0,32.0,621.9411428571428,30846.35142857143,11789.726600489172,16955.428571428572,39387.615,18331.328665028275,21873.42857142857,40379.60006666667,19982.015049192876,22360.8,32071.62,49089.47,44671.27,6,1,10,41,21767.94,9552.429999999998
2011-10-17,46868.65,30056.0,85.0,76.0,551.3958823529412,35796.8,9764.247126230524,20211.571428571428,39876.55857142857,18440.55653245096,22474.14285714286,41015.9764,19870.519583100933,22818.566666666666,21767.94,12215.51,40023.44,0,0,10,42,25100.710000000003,3905.8499999999985
2011-10-18,37248.16,26865.0,77.0,73.0,483.7423376623377,34980.42285714286,9292.763493049748,20479.42857142857,41717.142857142855,16580.38211782984,23798.64285714286,40653.6984,19835.64411923295,22547.4,46868.65,42962.8,11479.98,1,0,10,42,-9620.489999999998,-9152.979999999996
2011-10-19,37227.88,18185.0,77.0,71.0,483.478961038961,33669.95714285714,7965.862172003614,19272.571428571428,39937.48642857142,15522.71890477088,23343.785714285717,41160.83606666666,19534.852539171,22705.8,37248.16,46401.14,62143.07,2,0,10,42,-20.280000000006112,9572.679999999997
2011-10-20,60910.3,40833.0,86.0,76.0,708.2593023255814,38420.68571428572,12440.54381603137,22798.571428571428,41535.93,16488.984417624866,24616.42857142857,40793.62306666667,19033.69212726817,23145.63333333333,37227.88,27655.2,38532.09,3,0,10,42,23682.420000000006,28060.050000000003
2011-10-21,60364.01,24211.0,62.0,56.0,973.613064516129,42351.22285714286,14554.144047160304,23712.571428571428,40563.67571428571,14737.337063057868,23070.5,42030.9224,19060.05145338623,23481.83333333333,60910.3,32850.25,73975.56999999999,4,0,10,42,-546.2900000000009,28292.390000000003
2011-10-22,0.0,0.0,0.0,0.0,0.0,42351.22285714286,14554.144047160304,23712.571428571428,40563.67571428571,14737.337063057868,23070.5,42030.9224,19060.05145338623,23481.83333333333,60910.3,32850.25,73975.56999999999,5,1,10,42,-60364.01,0.0
2011-10-23,12156.57,6953.0,42.0,39.0,289.44214285714287,39506.21571428572,18349.9637621594,22250.285714285717,37127.82142857143,15385.466150139524,21101.92857142857,41914.82306666666,19236.14530824187,23415.7,60364.01,32071.62,60258.53,6,1,10,42,12156.57,-9611.369999999999
2011-10-24,38897.89,23661.0,73.0,61.0,532.8478082191781,41953.35142857144,16653.98522308846,24394.85714285714,36399.85142857144,15012.5494535809,20675.14285714286,41658.47906666667,19222.956171870606,23229.7,12156.57,21767.94,49089.47,0,0,10,43,26741.32,-7970.760000000002
2011-10-25,36113.86,25608.0,72.0,65.0,501.5813888888889,40416.95285714285,16621.006783440997,23759.42857142857,38106.87642857143,13313.67334765714,21985.5,39416.35173333333,15297.969510253755,22663.33333333333,38897.89,46868.65,12215.51,1,0,10,43,-2784.029999999999,-1134.300000000003
2011-10-26,34105.36,20101.0,92.0,77.0,370.71043478260873,39967.98142857143,16762.712229769048,22793.14285714286,37474.202142857146,13275.567319695065,21636.285714285717,39270.79373333333,15328.00870041244,22679.533333333333,36113.86,37248.16,42962.8,2,0,10,43,-2008.5,-3122.519999999997
2011-10-27,55747.2,32418.0,104.0,91.0,536.0307692307692,42613.59857142857,17693.74503512608,24826.42857142857,38141.77785714286,13975.533478405485,22049.5,39204.5344,15249.535607258318,22668.5,34105.36,37227.88,46401.14,3,0,10,43,21641.839999999997,-5163.100000000006
2011-10-28,37194.58,22966.0,65.0,60.0,572.2243076923078,39225.63857142856,15772.656976490953,22274.0,38823.162142857145,13653.770550171852,22536.285714285717,39385.8954,15190.106495528376,22774.5,55747.2,60910.3,27655.2,4,0,10,43,-18552.619999999995,-23169.43
2011-10-29,0.0,0.0,0.0,0.0,0.0,39225.63857142856,15772.656976490953,22274.0,38823.162142857145,13653.770550171852,22536.285714285717,39385.8954,15190.106495528376,22774.5,55747.2,60910.3,27655.2,5,1,10,43,-37194.58,0.0
2011-10-30,34397.95,19943.0,96.0,88.0,358.3119791666666,35516.201428571425,12733.267526844078,21664.285714285717,38933.71214285714,13607.87831166372,22688.42857142857,39493.6677,15141.15783425791,22791.8,37194.58,60364.01,32850.25,6,1,10,43,34397.95,22241.379999999997
2011-10-31,33006.87,15161.0,63.0,61.0,523.9185714285715,38494.81571428571,7866.977117031442,22836.85714285714,39000.51571428571,13573.85283169512,22543.571428571428,39618.37966666666,15069.24467706174,22789.233333333334,34397.95,12156.57,32071.62,0,0,10,44,-1391.0799999999945,-5891.019999999997
2011-11-01,29069.56,16530.0,76.0,74.0,382.4942105263158,37090.76857142857,8623.702912164934,21818.14285714286,39522.06,12988.44855577384,23106.5,39613.621,15072.66623807049,22690.066666666666,33006.87,38897.89,21767.94,1,0,11,44,-3937.3100000000013,-7044.299999999999
2011-11-02,38536.44,26592.0,83.0,79.0,464.2944578313253,37436.85142857144,8626.574384019146,21958.714285714286,38926.90214285714,12815.667780029804,22859.071428571428,39598.10533333334,15073.557190274383,22775.6,29069.56,36113.86,46868.65,2,0,11,44,9466.880000000001,4431.080000000002
2011-11-03,60536.09,33435.0,100.0,86.0,605.3609,41212.67,12035.953499611122,23863.571428571428,40590.32571428572,14034.4043237613,23328.35714285714,40126.93266666667,15529.087408404052,22991.533333333333,38536.44,34105.36,37248.16,3,0,11,44,21999.649999999994,4788.889999999999
2011-11-04,55716.47,33416.0,87.0,73.0,640.4191954022989,41208.27999999999,12029.772629350393,24006.14285714286,41910.93928571429,14553.922226556915,24416.285714285717,40650.03366666667,15787.640342835466,23383.866666666665,60536.09,55747.2,37227.88,4,0,11,44,-4819.619999999995,18521.89
2011-11-05,0.0,0.0,0.0,0.0,0.0,41208.27999999999,12029.772629350393,24006.14285714286,41910.93928571429,14553.922226556915,24416.285714285717,40650.03366666667,15787.640342835466,23383.866666666665,60536.09,55747.2,37227.88,5,1,11,44,-55716.47,0.0
2011-11-06,42508.59,23085.0,101.0,88.0,420.87712871287124,41967.42428571429,11901.256902554303,24023.14285714286,40596.53142857144,13498.748104097986,23148.571428571428,41684.320666666674,14795.977730478831,23875.966666666667,55716.47,37194.58,60910.3,6,1,11,44,42508.59,8110.639999999999
2011-11-07,28602.73,16358.0,90.0,81.0,317.8081111111111,41139.53571428572,12690.940411340544,23511.0,38327.868571428575,12557.109639003344,22587.64285714286,40566.30933333333,14460.143633171008,23602.8,42508.59,34397.95,60364.01,0,0,11,45,-13905.859999999997,-4404.140000000003
2011-11-08,38151.91,21582.0,99.0,95.0,385.3728282828283,41874.54142857144,12283.890759400389,24428.285714285717,40184.67857142857,10063.944468921474,23632.571428571428,40553.636666666665,14462.15432134367,23555.0,28602.73,33006.87,12156.57,1,0,11,45,9549.180000000004,9082.350000000002
2011-11-09,60704.58,36588.0,118.0,101.0,514.445593220339,46393.83,12602.90212613619,27293.714285714286,41742.29928571429,11442.574667619698,24555.92857142857,40111.27033333333,13580.700773036478,23246.13333333333,38151.91,29069.56,38897.89,2,0,11,45,22552.67,22168.14
2011-11-10,70373.03,37955.0,125.0,112.0,562.98424,50941.91428571429,14840.63572506235,28917.0,44189.38285714287,13605.22257097751,25437.85714285714,40448.420333333335,14209.127097710523,23360.866666666665,60704.58,38536.44,36113.86,3,0,11,45,9668.449999999997,9836.940000000002
2011-11-11,36932.07,23844.0,93.0,87.0,397.1190322580645,47569.91142857144,14978.326112182312,27546.85714285714,44391.29071428571,13464.30435701998,25705.214285714286,40043.17366666668,14127.31485821052,23167.8,70373.03,60536.09,34105.36,4,0,11,45,-33440.96,-18784.4
2011-11-12,0.0,0.0,0.0,0.0,0.0,47569.91142857144,14978.326112182312,27546.85714285714,44391.29071428571,13464.30435701998,25705.214285714286,40043.17366666668,14127.31485821052,23167.8,70373.03,60536.09,34105.36,5,1,11,45,-36932.07,0.0
2011-11-13,28416.01,19610.0,83.0,75.0,342.3615662650602,43669.84571428572,16021.513942637568,25574.571428571428,42439.06285714286,13670.950676942326,24790.35714285714,40583.19033333334,13313.09085820452,23579.366666666665,36932.07,55716.47,55747.2,6,1,11,45,28416.01,-14092.579999999998
2011-11-14,58595.22,32050.0,104.0,93.0,563.415576923077,45967.93571428571,16953.77643910436,26855.285714285717,43967.68,14224.672577985975,25439.214285714286,41104.271,13709.4708976067,23814.7,28416.01,42508.59,37194.58,0,0,11,46,30179.210000000003,29992.49
2011-11-15,47535.51,26773.0,104.0,93.0,457.07221153846154,48672.618571428575,15134.304121324816,28343.14285714286,44906.07714285714,13975.964145163558,25927.071428571428,41142.083333333336,13726.138288546572,23819.366666666665,58595.22,28602.73,34397.95,1,0,11,46,-11059.71,9383.599999999999
2011-11-16,48154.12,29010.0,124.0,111.0,388.33967741935487,50101.50571428572,14431.299722449246,29404.285714285717,45988.023571428566,13564.173960396558,26916.285714285717,41825.38066666666,13540.571316791444,24248.0,47535.51,38151.91,33006.87,2,0,11,46,618.6100000000006,-12550.46
2011-11-17,55683.49,30235.0,136.0,125.0,409.4374264705882,49384.20714285714,13932.612901920404,28496.714285714286,47889.01857142857,12857.213807976106,27895.214285714286,42586.48866666666,13659.88430575192,24662.066666666666,48154.12,60704.58,29069.56,3,0,11,46,7529.369999999995,-14689.54
2011-11-18,36606.25,20224.0,103.0,98.0,355.4004854368932,44560.38142857143,10989.135967036527,25963.714285714286,47751.14785714285,12975.027297376988,27440.35714285714,42737.643,13564.273689019004,24763.233333333334,55683.49,70373.03,38536.44,4,0,11,46,-19077.239999999998,-325.8199999999997
2011-11-19,0.0,0.0,0.0,0.0,0.0,44560.38142857143,10989.135967036527,25963.714285714286,47751.14785714285,12975.027297376988,27440.35714285714,42737.643,13564.273689019004,24763.233333333334,55683.49,70373.03,38536.44,5,1,11,46,-36606.25,0.0
2011-11-20,29642.39,18457.0,98.0,91.0,302.47336734693874,43518.99857142857,12119.754130053512,25194.14285714286,45544.455,13257.412417765889,26370.5,43000.12466666666,13216.220975173026,25090.166666666668,36606.25,36932.07,60536.09,6,1,11,46,29642.39,1226.380000000001
2011-11-21,45202.01,24494.0,96.0,85.0,470.8542708333334,45916.99857142858,10130.893977644942,25891.85714285714,44793.42214285715,12930.635854060867,25733.214285714286,42944.57,13202.894967562794,24904.766666666663,29642.39,28416.01,55716.47,0,0,11,47,15559.620000000003,-13393.21
2011-11-22,49438.55,31596.0,130.0,120.0,380.2965384615385,44608.90285714286,8712.981711271907,25827.0,45288.41928571429,12969.027930960016,26341.14285714286,43350.91633333334,13209.121455664315,25062.466666666667,45202.01,58595.22,42508.59,1,0,11,47,4236.540000000001,1903.0400000000009
2011-11-23,71722.75,38287.0,130.0,107.0,551.7134615384615,48064.22285714286,13530.935698160672,27471.85714285714,48368.42071428571,13795.472505179345,27907.5,44500.74533333333,14127.19554993464,25732.533333333333,49438.55,47535.51,28602.73,2,0,11,47,22284.199999999997,23568.629999999997
2011-11-24,38359.69,22812.0,109.0,98.0,351.9237614678899,46665.01857142857,14017.743477782577,26586.42857142857,48383.26214285714,13783.742700729874,27995.35714285714,43749.05833333333,13820.574424094815,25131.83333333333,71722.75,48154.12,38151.91,3,0,11,47,-33363.06,-17323.799999999996
2011-11-25,26542.33,14142.0,73.0,69.0,363.59356164383564,42501.99571428572,15172.657680427315,24287.42857142857,45943.10142857144,14442.832610754484,26392.071428571428,42621.669,13797.956776189758,24796.2,38359.69,55683.49,60704.58,4,0,11,47,-11817.36,-10063.919999999998
2011-11-26,0.0,0.0,0.0,0.0,0.0,42501.99571428572,15172.657680427315,24287.42857142857,45943.10142857144,14442.832610754484,26392.071428571428,42621.669,13797.956776189758,24796.2,38359.69,55683.49,60704.58,5,1,11,47,-26542.33,0.0
2011-11-27,16969.25,10307.0,56.0,51.0,303.02232142857144,39696.71000000001,17996.90314626384,22870.714285714286,42128.54571428571,14546.189937643276,24417.214285714286,42782.09166666667,13455.260482931715,24908.0,26542.33,36606.25,70373.03,6,1,11,47,16969.25,-12673.14
2011-11-28,51632.21,27932.0,114.0,97.0,452.9141228070175,42838.112857142856,17868.123681328674,24224.285714285717,43178.555714285714,14672.245707014124,24709.214285714286,43206.569,13529.162813987425,25050.366666666665,16969.25,29642.39,36932.07,0,0,11,48,34662.96,6430.199999999997
2011-11-29,48640.57,25886.0,126.0,109.0,386.0362698412698,43329.33571428571,17990.78682396715,24423.14285714286,44623.16714285714,14091.067920189364,25157.5,43624.126,13495.976894073838,25059.63333333333,51632.21,45202.01,28416.01,1,0,11,48,-2991.6399999999994,-797.9800000000032
2011-11-30,41396.79,24423.0,99.0,92.0,418.149393939394,42180.51285714286,17791.309392144016,23398.42857142857,43394.70785714286,13517.282994232062,24612.714285714286,43867.17366666666,13383.832670854905,25203.7,48640.57,49438.55,58595.22,2,0,11,48,-7243.779999999999,-30325.96
2011-12-01,44405.37,24810.0,118.0,111.0,376.31669491525423,38278.030000000006,12414.942247625157,21473.14285714286,43171.12642857143,13469.32574552526,24472.5,43489.11266666667,13195.54399435624,24950.1,41396.79,71722.75,47535.51,3,0,12,48,3008.5800000000017,6045.68
2011-12-02,44526.1,25524.0,114.0,95.0,390.5798245614035,39158.94571428571,12638.462254633532,21860.571428571428,42911.982142857145,13400.80685373034,24223.5,43733.496666666666,13142.733081843366,25035.366666666665,44405.37,38359.69,48154.12,4,0,12,48,120.72999999999593,17983.769999999997
2011-12-03,0.0,0.0,0.0,0.0,0.0,39158.94571428571,12638.462254633532,21860.571428571428,42911.982142857145,13400.80685373034,24223.5,43733.496666666666,13142.733081843366,25035.366666666665,44405.37,38359.69,48154.12,5,1,12,48,-44526.1,0.0
2011-12-04,20232.0,11321.0,62.0,58.0,326.3225806451613,38257.47,13854.879054664028,21457.571428571428,40379.73285714286,14131.4142226788,22872.5,43261.29833333333,13731.024937238086,24747.966666666667,44526.1,26542.33,55683.49,6,1,12,48,20232.0,3262.75
2011-12-05,58081.09,38347.0,116.0,105.0,500.6990517241379,44130.59,11902.932909661444,25463.285714285717,41913.65000000001,14838.146084015983,24167.0,44097.10566666667,13847.95022380804,25520.83333333333,20232.0,16969.25,36606.25,0,0,12,49,37849.09,6448.879999999997
2011-12-06,45989.66,27736.0,110.0,103.0,418.0878181818182,43324.51142857143,11494.291127255989,25435.285714285717,43081.31214285714,14435.957981459993,24829.785714285717,44661.109,13556.290913957337,25894.366666666665,58081.09,51632.21,29642.39,1,0,12,49,-12091.429999999993,-2650.909999999996
2011-12-07,69230.6,41011.0,104.0,94.0,665.6788461538462,46265.944285714286,15138.32403027154,27596.0,44797.64000000001,16046.10289279895,26009.571428571428,45684.24766666667,14220.143086571064,26375.0,45989.66,48640.57,45202.01,2,0,12,49,23240.940000000002,27833.810000000005
2011-12-08,50395.96,27476.0,113.0,105.0,445.98194690265484,47551.54,15037.6870929398,28032.14285714286,44866.02642857143,16069.426541741408,25715.285714285717,45346.24333333333,13973.32090611324,26176.366666666665,69230.6,41396.79,49438.55,3,0,12,49,-18834.640000000007,5990.5899999999965
2011-12-09,184347.66,90553.0,41.0,35.0,4496.284390243903,67543.29571428572,53638.26399166734,37424.0,52910.66285714286,40368.26643155493,29448.571428571428,49633.94966666668,28961.7325897506,28080.93333333333,50395.96,44405.37,71722.75,4,0,12,49,133951.7,139821.56
